market,event_phase,inclusion,relative_day,mean_ar,std_ar,mean_car,std_car,n_obs,se_ar,se_car,ci_low_95,ci_high_95
CN,announce,0,-20,0.0011400828044623125,0.0360255007782159,0.0011400828044623125,0.0360255007782159,121,0.003275045525292355,0.003275045525292355,-0.005279006425110704,0.007559172034035329
CN,announce,0,-19,0.0048159546284345205,0.028467809330120646,0.005956037432896832,0.05098262541107283,121,0.0025879826663746043,0.004634784128279348,-0.003128139458530691,0.015040214324324355
CN,announce,0,-18,-0.003936163331456856,0.030646150354044794,0.0020198741014399767,0.06963760887229975,121,0.002786013668549527,0.006330691715663614,-0.010388281661260705,0.01442802986414066
CN,announce,0,-17,0.007946629986069544,0.03575313689425735,0.009966504087509521,0.08048501750160689,121,0.0032502851722052135,0.0073168197728733534,-0.00437446266732225,0.02430747084234129
CN,announce,0,-16,0.008263660679108298,0.03047986364121715,0.018230164766617818,0.0916560555344839,121,0.002770896694656105,0.008332368684953082,0.0018987221441097782,0.03456160738912586
CN,announce,0,-15,0.0055993229273386645,0.02507857111335479,0.02382948769395648,0.10280376129933455,121,0.002279870101214072,0.009345796481757686,0.005511726589711417,0.042147248798201545
CN,announce,0,-14,0.010303551155835505,0.025976437507222106,0.034133038849791984,0.11022734313816512,121,0.0023614943188383732,0.010020667558015011,0.014492530436082562,0.053773547263501406
CN,announce,0,-13,0.00030152630875658224,0.01784836229047916,0.03443456515854857,0.10711984174065386,121,0.0016225783900435601,0.009738167430968532,0.015347756993850246,0.0535213733232469
CN,announce,0,-12,0.00012397686928672226,0.022202548200342828,0.034558542027835294,0.11173110085021792,121,0.002018413472758439,0.010157372804565266,0.014650091330887374,0.05446699272478321
CN,announce,0,-11,-0.0016765612907873935,0.02377997236798172,0.0328819807370479,0.10835895906647074,121,0.00216181566981652,0.00985081446058825,0.013574384394294932,0.05218957707980087
CN,announce,0,-10,0.0033088620602161347,0.024023475978761578,0.03619084279726403,0.1180307952236219,121,0.002183952361705598,0.010730072293056538,0.01515990110287322,0.05722178449165485
CN,announce,0,-9,0.00013006286166523552,0.020011451890538035,0.036320905658929266,0.11576380742844884,121,0.0018192228991398213,0.01052398249349535,0.01569389997167838,0.05694791134618015
CN,announce,0,-8,-0.006543988248794108,0.020514473457005338,0.02977691741013516,0.12004986458177161,121,0.0018649521324550307,0.010913624052888328,0.008386214266474037,0.051167620553796284
CN,announce,0,-7,0.005343913522693253,0.02092486911585485,0.03512083093282842,0.12477079233957185,121,0.0019022608287140772,0.011342799303597441,0.012888944297777434,0.0573527175678794
CN,announce,0,-6,-0.0069648871963889575,0.017318217646749866,0.028155943736439457,0.12355755335112954,121,0.001574383422431806,0.011232504850102685,0.0061402342302381945,0.050171653242640724
CN,announce,0,-5,-0.00048326295127914675,0.020570963685785853,0.02767268078516031,0.12423062744660121,121,0.0018700876077987138,0.011293693404236473,0.005537041712856822,0.0498083198574638
CN,announce,0,-4,0.0034284944144334305,0.021472639000412172,0.03110117519959374,0.12630043500353993,121,0.001952058090946561,0.01148185772759454,0.008596734053508442,0.053605616345679036
CN,announce,0,-3,-0.005184865716751689,0.019475298444784222,0.025916309482842053,0.1303088645744391,121,0.0017704816767985657,0.0118462604158581,0.0026976390677601776,0.049134979897923925
CN,announce,0,-2,0.0005252747446177885,0.017564340700055716,0.02644158422745984,0.1313389190840488,121,0.0015967582454596105,0.011939901734913527,0.003039376827029327,0.04984379162789035
CN,announce,0,-1,0.0005443575227406877,0.014028382573464062,0.026985941750200526,0.12837437724050496,121,0.0012753075066785512,0.011670397930954996,0.004111961805528735,0.049859921694872314
CN,announce,0,0,-0.004312268942424529,0.015449987951281389,0.01829134038680326,0.11844182990939214,121,0.001404544359207399,0.010767439082672014,-0.0028128402152338867,0.0393955209888404
CN,announce,0,1,-0.0020092599507879343,0.021757336119455687,0.01628208043601533,0.12185235164057173,121,0.0019779396472232444,0.011077486512779249,-0.005429793129031999,0.03799395400106266
CN,announce,0,2,0.0027821342541547237,0.017227565918038222,0.01906421469017005,0.127392554080298,121,0.0015661423561852928,0.011581141280027091,-0.00363482221868305,0.04176325159902315
CN,announce,0,3,-0.004677191394446108,0.01381334356287461,0.014387023295723944,0.1247422671476078,121,0.0012557585057158737,0.011340206104327982,-0.0078397806687589,0.03661382726020679
CN,announce,0,4,-0.007703336435989914,0.019631709903533114,0.006683686859734029,0.12333698509110885,121,0.0017847009003211921,0.011212453190100806,-0.01529272139286355,0.028660095112331606
CN,announce,0,5,0.005783026550019737,0.01963109780985816,0.012466713409753766,0.12405107613556153,121,0.001784645255441651,0.01127737055777832,-0.009636932883491742,0.03457035970299928
CN,announce,0,6,0.0020527786993921834,0.02000171796155107,0.014519492109145948,0.12336485686661838,121,0.0018183379965046426,0.011214986987874398,-0.007461882387087872,0.03650086660537977
CN,announce,0,7,-0.0022116846582101203,0.019603343400883995,0.012307807450935829,0.12092465247801391,121,0.0017821221273530904,0.010993150225273992,-0.009238766990601196,0.033854381892472855
CN,announce,0,8,0.004319548122004666,0.028882714189198463,0.016627355572940497,0.125581724688351,121,0.002625701289927133,0.011416520426213727,-0.005749024462438409,0.039003735608319406
CN,announce,0,9,0.0036126895252385403,0.025109433045906796,0.020240045098179036,0.12810199488036572,121,0.002282675731446072,0.011645635898215066,-0.0025854012623224946,0.04306549145868056
CN,announce,0,10,-0.0018716892325845236,0.026179716850623126,0.018368355865594512,0.13117204192683465,121,0.002379974259147557,0.011924731084257695,-0.005004117059550572,0.04174082879073959
CN,announce,0,11,-0.0026595113982335297,0.02656727308248739,0.015708844467360983,0.1324082389091775,121,0.0024152066438624903,0.012037112628107045,-0.007883896283728823,0.039301585218450785
CN,announce,0,12,-0.006681556286709104,0.020085864014467013,0.009027288180651879,0.1331683904582785,121,0.0018259876376788193,0.012106217314388955,-0.014700897755550472,0.03275547411685423
CN,announce,0,13,0.0038186107854690037,0.024227458341041674,0.01284589896612088,0.13686363584949104,121,0.0022024962128219705,0.012442148713590095,-0.011540712512515705,0.03723251044475746
CN,announce,0,14,-0.003474354428042441,0.01949933898761142,0.009371544538078442,0.13785529304445612,121,0.0017726671806919474,0.01253229936767783,-0.015191762222570102,0.03393485129872699
CN,announce,0,15,0.003132387650538714,0.022875301636977048,0.012503932188617155,0.14633060758229305,121,0.0020795728760888226,0.013302782507481186,-0.013569521526045968,0.038577385903280276
CN,announce,0,16,-0.0010327799273357296,0.020429215802006278,0.011471152261281425,0.14363207900025116,121,0.0018572014365460252,0.01305746172729556,-0.014121472724217873,0.03706377724678073
CN,announce,0,17,0.0021645824084730427,0.02546788793481094,0.013635734669754469,0.14758172806272754,121,0.0023152625395282673,0.01341652073297523,-0.012660645966876981,0.03993211530638592
CN,announce,0,18,-0.0014303600331679062,0.023117718207109825,0.012205374636586563,0.1532527959095113,121,0.002101610746100893,0.013932072355410118,-0.015101487180017269,0.039512236453190394
CN,announce,0,19,-0.0005909160161495758,0.018015848971307244,0.011614458620436986,0.15687118575098633,121,0.0016378044519370222,0.014261016886453303,-0.01633713447701149,0.03956605171788546
CN,announce,0,20,0.00628882764236538,0.028917440800532428,0.017903286262802364,0.15512457533688856,121,0.0026288582545938573,0.014102234121535323,-0.00973709261540687,0.0455436651410116
CN,announce,1,-20,-0.004322004764989977,0.02963103756095698,-0.004322004764989977,0.02963103756095698,118,0.0027277581080608843,0.0027277581080608843,-0.00966841065678931,0.0010244011268093567
CN,announce,1,-19,0.012036212360186494,0.036060553823422575,0.007714207595196518,0.04294716266082114,118,0.0033196430557199163,0.003953606785630256,-3.486170463878457e-05,0.015463276895031821
CN,announce,1,-18,0.0006142050053537625,0.025733917165846897,0.00832841260055028,0.053151126667793536,118,0.002368999096197661,0.004892957812306942,-0.0012617847115713263,0.017918609912671885
CN,announce,1,-17,0.0030275483102761257,0.02975292150515156,0.011355960910826406,0.058554177942988214,118,0.0027389784345963706,0.005390348998621681,0.0007908768735279108,0.0219210449481249
CN,announce,1,-16,0.001990837843604801,0.03199600795701228,0.013346798754431207,0.07188038834437518,118,0.0029454712799298296,0.006617126103450628,0.00037723159166797547,0.02631636591719444
CN,announce,1,-15,-0.004700322336575062,0.02337187102918336,0.008646476417856144,0.07555690595324868,118,0.0021515551242259367,0.006955576982749146,-0.004986454468332182,0.02227940730404447
CN,announce,1,-14,0.003196441489328314,0.0345839191732873,0.01184291790718446,0.08764060310829294,118,0.0031837078178375455,0.008067971471879539,-0.003970306177699437,0.027656141992068353
CN,announce,1,-13,0.00850709955562239,0.02878590656970978,0.02035001746280685,0.08847577855626321,118,0.002649957494126742,0.008144855603768868,0.004386100479419869,0.03631393444619383
CN,announce,1,-12,0.0028734590253006917,0.025471516721429808,0.023223476488107537,0.09503086195344669,118,0.0023448431773121,0.00874829994313425,0.006076808599564405,0.040370144376650666
CN,announce,1,-11,-0.004994465429869911,0.02070304859044891,0.01822901105823763,0.09464696983438876,118,0.0019058701045482928,0.008712959809052657,0.001151609832494422,0.035306412283980834
CN,announce,1,-10,-0.00012842662779837837,0.018586293409480228,0.01810058443043925,0.09381223783286445,118,0.0017110069953578386,0.008636116499717583,0.0011737960909927875,0.03502737276988571
CN,announce,1,-9,0.001488030783503392,0.029633881697792915,0.01958861521394264,0.10116421872312675,118,0.002728019932078983,0.009312921199602482,0.0013352896627217767,0.037841940765163506
CN,announce,1,-8,0.005214437928877194,0.0273256973770133,0.024803053142819834,0.10968281331434766,118,0.0025155343421649234,0.010097121395686874,0.0050126952072735605,0.044593411078366105
CN,announce,1,-7,0.002435272415495167,0.024486080772720555,0.027238325558315,0.10871981617363673,118,0.0022541264451174706,0.01000847032320216,0.007621723724838766,0.04685492739179123
CN,announce,1,-6,0.005439843131802042,0.023870689652399763,0.03267816869011705,0.11556292444066144,118,0.0021974751005727376,0.010638429501017472,0.011826846868122801,0.0535294905121113
CN,announce,1,-5,-0.00014642452993275453,0.024703927911508335,0.03253174416018429,0.1168375888076668,118,0.002274180899772451,0.010755771867277929,0.011450431300319551,0.05361305702004903
CN,announce,1,-4,0.01174756493064401,0.027527801808925362,0.0442793090908283,0.12167698942969402,118,0.002534139563183224,0.01120127480512589,0.022324810472781554,0.06623380770887505
CN,announce,1,-3,-0.007272616544809759,0.023066104486688038,0.03700669254601854,0.1186441373109985,118,0.002123407032423564,0.010922078137094867,0.0155994193973126,0.05841396569472447
CN,announce,1,-2,-0.0026311493882826826,0.031038032371147772,0.03437554315773586,0.11990670624777158,118,0.002857282479038515,0.011038307028748882,0.012740461381388051,0.056010624934083666
CN,announce,1,-1,0.0036122021974560204,0.024130333632638855,0.03798774535519188,0.12080019506394286,118,0.0022213772663625575,0.011120559341303213,0.01619144904623758,0.05978404166414618
CN,announce,1,0,0.002096837981755997,0.020392328379342156,0.03326627006806728,0.10835638261361376,118,0.001877265990587004,0.009975013552137202,0.013715243505878365,0.052817296630256194
CN,announce,1,1,0.012558727999585169,0.02516824147860855,0.045824998067652445,0.1091614928254101,118,0.00231692442823428,0.010049129954696248,0.026128703356447798,0.0655212927788571
CN,announce,1,2,-0.0008028773298258966,0.018570482946939717,0.04502212073782655,0.11044149320453522,118,0.001709551524306636,0.01016696354068853,0.02509487219807703,0.06494936927757607
CN,announce,1,3,0.0016569301502406713,0.025573182245067754,0.046679050888067224,0.1150920863863916,118,0.0023542022473697437,0.010595085344827327,0.025912683612205663,0.06744541816392878
CN,announce,1,4,0.0024112931444649948,0.02460119129885062,0.04909034403253222,0.12484002048111105,118,0.0022647232279782966,0.011492455415281768,0.026565131418579958,0.07161555664648449
CN,announce,1,5,0.008797409882274728,0.022860297136253486,0.05788775391480695,0.13439387409839856,118,0.002104460930124869,0.012371958929600864,0.03363871441278926,0.08213679341682464
CN,announce,1,6,-0.0004569635000880895,0.023381373652438232,0.05743079041471885,0.1332409992678414,118,0.002152429911603125,0.012265828198938388,0.03338976714479962,0.08147181368463809
CN,announce,1,7,-0.00026893208207181624,0.025958358775212246,0.05716185833264704,0.1333813341583875,118,0.0023896606210758605,0.012278747072762615,0.03309551407003231,0.08122820259526176
CN,announce,1,8,0.0019532824007888368,0.02025794546811446,0.05911514073343588,0.13462373309196263,118,0.001864895040871454,0.012393119165117938,0.03482462716980472,0.08340565429706703
CN,announce,1,9,-0.0037678625024992305,0.02816727892805525,0.05534727823093665,0.1418875103187333,118,0.002593008203642996,0.013061804059621233,0.029746142274079033,0.08094841418779428
CN,announce,1,10,0.010650116625048752,0.02908580265169499,0.0659973948559854,0.1489922188988634,118,0.0026775651662350156,0.013715845498264455,0.03911433767938706,0.09288045203258373
CN,announce,1,11,-0.006670390863392831,0.02639380114867728,0.059327003992592574,0.1479157941361125,118,0.002429746340732792,0.013616752566797882,0.032638168961668726,0.08601583902351642
CN,announce,1,12,-0.009987810163816916,0.019930963671382286,0.04933919382877565,0.1400350690397999,118,0.0018347939266128114,0.012891273017367913,0.02407229871473454,0.07460608894281676
CN,announce,1,13,0.004128264783811395,0.022546903898259855,0.053467458612587046,0.1424539140449227,118,0.0020756107440930783,0.01311394574900253,0.027764124944542088,0.07917079228063201
CN,announce,1,14,-0.00015506885997106773,0.025258413989737008,0.05331238975261598,0.14636292896220598,118,0.0023252254807319813,0.013473799740386223,0.02690374226145898,0.07972103724377297
CN,announce,1,15,-0.0009583695438204698,0.028734219532723707,0.05235402020879551,0.14875995695832514,118,0.002645199316694367,0.01369446405354812,0.025512870663841194,0.07919516975374982
CN,announce,1,16,-0.006077045847989832,0.027469951205631782,0.046276974360805676,0.1495892341694589,118,0.0025288139834810067,0.013770805208725246,0.019286196151704193,0.07326775256990715
CN,announce,1,17,0.002194976698840579,0.026657658791501965,0.04847195105964625,0.15456126714025398,118,0.0024540364056050805,0.014228517943952,0.020584055889500335,0.07635984622979217
CN,announce,1,18,0.0016096123888579858,0.021780386489756304,0.05008156344850424,0.1614865891719385,118,0.0020050470970485214,0.014866045512266082,0.020944114244462724,0.07921901265254576
CN,announce,1,19,0.002360280610661281,0.027222892900054772,0.05244184405916553,0.16498143854309652,118,0.00250607042295549,0.01518777247471268,0.022673810008728677,0.08220987810960238
CN,announce,1,20,-0.0028924215005190095,0.02309615468634425,0.049549422558646514,0.16573691088557593,118,0.0021261733775301927,0.015257319341013754,0.019645076650259555,0.07945376846703348
CN,effective,0,-20,0.0032199946861061566,0.023316503907528912,0.0032199946861061566,0.023316503907528912,121,0.0021196821734117193,0.0021196821734117193,-0.0009345823737808134,0.0073745717459931266
CN,effective,0,-19,0.0006986370634138109,0.021959010220558288,0.0039186317495199675,0.033190342908432556,121,0.0019962736564143897,0.003017303900766596,-0.001995283895982561,0.009832547395022496
CN,effective,0,-18,0.00012246883097471228,0.021502509484921297,0.00404110058049468,0.03418033859917937,121,0.0019547735895382996,0.0031073035090163066,-0.0020492142971772808,0.010131415458166641
CN,effective,0,-17,-0.0037925758260937345,0.020937744941865594,0.0002485247544009448,0.04101451725009125,121,0.0019034313583514177,0.0037285924772810226,-0.00705951650106986,0.007556566009871749
CN,effective,0,-16,-0.0007330347831940273,0.021037547919527166,-0.0004845100287930825,0.04541717638861311,121,0.0019125043563206516,0.004128834217146647,-0.00857702509440051,0.007608005036814345
CN,effective,0,-15,-0.0031537228526330725,0.019299854472401803,-0.003638232881426155,0.04886074274072598,121,0.0017545322247638003,0.004441885703702362,-0.012344328860682784,0.005067863097830474
CN,effective,0,-14,-0.00021307557620503712,0.021199663587228374,-0.0038513084576311915,0.05199141063765856,121,0.0019272421442934886,0.004726491876150778,-0.013115232534886716,0.005412615619624334
CN,effective,0,-13,0.0009945161672636942,0.020330857635703747,-0.0028567922903674978,0.05587960602435887,121,0.001848259785063977,0.005079964184032624,-0.012813522091071441,0.007099937510336446
CN,effective,0,-12,-0.004607210503257359,0.01699660578761351,-0.007464002793624858,0.05842092696261004,121,0.0015451459806921372,0.005310993360237277,-0.01787354977968992,0.002945544192440204
CN,effective,0,-11,0.0005151974943142305,0.016402752728915143,-0.006948805299310626,0.06104441245372782,121,0.0014911593389922858,0.005549492041247984,-0.017825809700156674,0.003928199101535422
CN,effective,0,-10,-0.0002933611669175807,0.014099834902256267,-0.007242166466228208,0.06133692437357972,121,0.0012818031729323878,0.005576084033961793,-0.01817129117279332,0.0036869582403369055
CN,effective,0,-9,-0.008852998484603896,0.015497447848211542,-0.016095164950832103,0.0636191635698067,121,0.0014088588952919584,0.005783560324527881,-0.02743094318690675,-0.0047593867147574555
CN,effective,0,-8,0.0006270992556469363,0.02074816193750593,-0.015468065695185166,0.06897263879277225,121,0.0018861965397732666,0.006270239890252023,-0.02775773588007913,-0.003178395510291202
CN,effective,0,-7,-0.0016512364164928562,0.01571279378013739,-0.01711930211167802,0.07082906526950812,121,0.0014284357981943082,0.006439005933591647,-0.029739753741517647,-0.0044988504818383925
CN,effective,0,-6,-0.005909725663230725,0.01719739653973275,-0.02302902777490875,0.0726998919711065,121,0.00156339968543025,0.006609081088282409,-0.03598282670794227,-0.010075228841875226
CN,effective,0,-5,-0.001371387222145354,0.0189289024176474,-0.0244004149970541,0.07736991351343239,121,0.0017208093106952183,0.007033628501221126,-0.038186326859447506,-0.010614503134660693
CN,effective,0,-4,0.0004432830150997033,0.018054621748900067,-0.023957131981954396,0.0810903596436092,121,0.001641329249900006,0.007371850876691745,-0.03840595970027022,-0.009508304263638575
CN,effective,0,-3,0.0019110543760539151,0.021397033166511616,-0.022046077605900483,0.07943202201342695,121,0.0019451848333192378,0.007221092910311541,-0.036199419710111105,-0.007892735501689863
CN,effective,0,-2,0.0027793812573165618,0.027778684299382232,-0.019266696348583922,0.08429831180668963,121,0.0025253349363074757,0.0076634828915172395,-0.03428712281595771,-0.004246269881210133
CN,effective,0,-1,-0.0017267441440529062,0.02469640868036745,-0.020993440492636826,0.08868639101226447,121,0.0022451280618515862,0.008062399182933134,-0.03679574289118577,-0.005191138094087885
CN,effective,0,0,0.006112514400314355,0.028232725549836933,-0.011471734901210508,0.08704894775049034,121,0.0025666114136215393,0.00791354070459003,-0.02698227468220697,0.004038804879785952
CN,effective,0,1,-0.0014842525856449808,0.025748128744277787,-0.012955987486855489,0.09160229246026899,121,0.0023407389767525263,0.008327481132751726,-0.02927785050704887,0.003365875533337892
CN,effective,0,2,8.914702678091006e-05,0.024755340931201353,-0.012866840460074578,0.09260135986915169,121,0.002250485539200123,0.008418305442650154,-0.029366719127668882,0.0036330382075197235
CN,effective,0,3,-0.0025970627422768084,0.01826413627368865,-0.015463903202351387,0.09646992385694456,121,0.0016603760248807863,0.00876999307790405,-0.03265308963504332,0.0017252832303405498
CN,effective,0,4,-0.00043965346254945753,0.02349331453914374,-0.015903556664900845,0.09991320358327524,121,0.0021357558671948854,0.009083018507570477,-0.03370627293973898,0.0018991596099372891
CN,effective,0,5,0.004322462894734255,0.021623597116960824,-0.011581093770166589,0.10371897132235401,121,0.001965781556087348,0.009428997392941273,-0.030061928660331486,0.006899741119998306
CN,effective,0,6,0.0005812359789770403,0.022402879018094055,-0.010999857791189551,0.10819761711500893,121,0.0020366253652812777,0.009836147010455357,-0.030278705931682054,0.00827899034930295
CN,effective,0,7,0.001355153547390755,0.022015422925952374,-0.009644704243798794,0.1066151685902492,121,0.0020014020841774885,0.009692288053659018,-0.02864158882897047,0.009352180341372883
CN,effective,0,8,0.0014177215574605717,0.025368646832616863,-0.008226982686338225,0.1101570603685265,121,0.0023062406211469873,0.010014278215320591,-0.027854967988366584,0.011401002615690133
CN,effective,0,9,-0.003878446273930869,0.015591699129513869,-0.012105428960269093,0.11104435050605141,121,0.0014174271935921698,0.010094940955095583,-0.03189151323225643,0.007680655311718248
CN,effective,0,10,-0.0018576934627287205,0.020260911246799986,-0.013963122422997812,0.11555292066593126,121,0.0018419010224363624,0.010504810969630114,-0.034552551923472834,0.00662630707747721
CN,effective,0,11,0.0024589618923097083,0.027666803671532778,-0.0115041605306881,0.11029813814125247,121,0.0025151639701393434,0.010027103467386589,-0.031157283326765813,0.008148962265389612
CN,effective,0,12,-0.006796378656269472,0.019329217444098757,-0.018300539186957576,0.11275995348146257,121,0.0017572015858271597,0.010250904861951142,-0.03839231271638181,0.0017912343424666619
CN,effective,0,13,0.0035951731244973327,0.022025834102422558,-0.014705366062460245,0.11422892037040693,121,0.002002348554765687,0.01038444730640063,-0.03505888278300548,0.005648150658084992
CN,effective,0,14,-0.0017363714084285534,0.023031036375476568,-0.016441737470888798,0.11616778153428842,121,0.0020937305795887787,0.010560707412208038,-0.03714072399881655,0.0042572490570389546
CN,effective,0,15,-0.002095106116343893,0.021698964877762503,-0.018536843587232694,0.1164480709302479,121,0.001972633170705682,0.010586188266386172,-0.039285772589349593,0.0022120854148842024
CN,effective,0,16,0.0047952631369989835,0.023208560175643853,-0.013741580450233708,0.12250898838343771,121,0.002109869106876714,0.0111371807621307,-0.03557045474400988,0.008087293843542464
CN,effective,0,17,0.0018751581478971754,0.023479695087606344,-0.011866422302336532,0.1233996801088747,121,0.00213451773523694,0.011218152737170427,-0.03385400166719057,0.010121157062517504
CN,effective,0,18,0.0018642407327334027,0.018193679975768467,-0.01000218156960313,0.12770323838583558,121,0.0016539709068880424,0.011609385307803234,-0.03275657677289747,0.01275221363369121
CN,effective,0,19,-0.002464468506634962,0.02110916865781196,-0.012466650076238091,0.12354174251575295,121,0.00191901533252836,0.011231067501432086,-0.03447954237904498,0.009546242226568795
CN,effective,0,20,0.0039154791409698395,0.01962795036228549,-0.008551170935268252,0.12818176011434146,121,0.0017843591238441356,0.01165288728312195,-0.031390830010187276,0.014288488139650769
CN,effective,1,-20,-0.0021596047541148074,0.020420304856974533,-0.0021596047541148074,0.020420304856974533,118,0.0018798414341076608,0.0018798414341076608,-0.005844093964965822,0.0015248844567362077
CN,effective,1,-19,-0.003775794648519498,0.02426690589090575,-0.005935399402634305,0.028439606722327815,118,0.0022339497618095133,0.0026180780091585518,-0.011066832300585066,-0.0008039665046835438
CN,effective,1,-18,0.005960336862621433,0.02763721807976798,2.4937459987126997e-05,0.038474372024713106,118,0.0025442121473555042,0.003541853032552821,-0.006917094483816402,0.006966969403790655
CN,effective,1,-17,0.005801899065776239,0.02779742148883326,0.005826836525763366,0.04084694925543742,118,0.002558960066564132,0.003760266470313651,-0.0015432857560513892,0.01319695880757812
CN,effective,1,-16,0.0021335815861293,0.019448713231770703,0.007960418111892667,0.048228139623590176,118,0.0017903991751951382,0.004439760120593351,-0.0007415117244703017,0.016662347948255635
CN,effective,1,-15,0.005484806935994235,0.027896098366994537,0.013445225047886903,0.06113332574384463,118,0.002568044009505004,0.0056277787987493505,0.0024147786023381752,0.02447567149343563
CN,effective,1,-14,0.0019405143442854707,0.024337026112864125,0.015385739392172373,0.0618752249402368,118,0.002240404851463141,0.00569607615567313,0.004221430127053038,0.026550048657291707
CN,effective,1,-13,0.004675488686831025,0.029072001913443304,0.020061228079003398,0.06414493737366773,118,0.0026762947053007398,0.005905020121287606,0.00848738864127969,0.03163506751672711
CN,effective,1,-12,-0.0036575150784076958,0.031226329753218044,0.0164037130005957,0.07443726702707812,118,0.002874616658093575,0.00685250586508479,0.002972801505029512,0.02983462449616189
CN,effective,1,-11,-0.001849655852470589,0.024986063669484904,0.014554057148125113,0.07445180308806015,118,0.0023001536015319246,0.006853844017963219,0.0011205228729172043,0.02798759142333302
CN,effective,1,-10,0.005024635387044674,0.021014451023858318,0.01957869253516979,0.07634211523832425,118,0.00193453702216314,0.007027861356507012,0.005804084276416046,0.033353300793923533
CN,effective,1,-9,0.008110780756106774,0.020442748006701213,0.02768947329127656,0.07684234069341207,118,0.0018819074935060682,0.007073910842225061,0.013824608040515442,0.04155433854203768
CN,effective,1,-8,0.00690676977697794,0.024392520871423334,0.034596243068254505,0.07622833343767232,118,0.0022455135580787414,0.0070173868927411185,0.020842164758481913,0.0483503213780271
CN,effective,1,-7,-0.0020542915131134907,0.021760614472859412,0.03254195155514101,0.08013816552301099,118,0.002003226935358528,0.007377316110541844,0.018082411978478995,0.04700149113180302
CN,effective,1,-6,0.002313192856416332,0.02563647777072256,0.03485514441155734,0.08346331556974887,118,0.002360029072804178,0.007683420983914875,0.019795639283084185,0.0499146495400305
CN,effective,1,-5,0.00796706395193774,0.023558925567557835,0.04282220836349509,0.08670728291761907,118,0.0021687748902449594,0.0079820523840889,0.027177385690680848,0.05846703103630933
CN,effective,1,-4,0.007797848924997324,0.025335127663810186,0.0506200572884924,0.09493299647973595,118,0.0023322875468517303,0.00873929069602758,0.03349104752427834,0.06774906705270646
CN,effective,1,-3,-0.00347203984684068,0.022810498783762265,0.04714801744165173,0.09766972650517676,118,0.002099876620193212,0.008991227115773685,0.029525212294735308,0.06477082258856814
CN,effective,1,-2,0.0025187428275543103,0.021365695601116903,0.049666760269206044,0.09721416169834152,118,0.001966871706413008,0.008949288975975656,0.03212615387629376,0.06720736666211832
CN,effective,1,-1,-0.00025527464919744943,0.022495658737515266,0.049411485620008584,0.10283596307837564,118,0.0020708932446659198,0.009466817741708175,0.030856522846260562,0.06796644839375661
CN,effective,1,0,0.004580122647941528,0.033795968480321334,0.045122880079743445,0.10013777388131488,118,0.0031111710770275595,0.009218429292798015,0.027054758665859335,0.06319100149362755
CN,effective,1,1,-0.00017305146297910882,0.025404316307684242,0.04494982861676434,0.10938525629391774,118,0.002338656877791457,0.01006972905164835,0.025213159675533572,0.0646864975579951
CN,effective,1,2,-0.010273425604874604,0.023431093376267677,0.034676403011889734,0.10589628573830215,118,0.0021570069831797554,0.009748543278038917,0.015569258186933457,0.05378354783684601
CN,effective,1,3,-0.0028923792725216845,0.021890564914913157,0.03178402373936805,0.10129935135386973,118,0.0020151898432124622,0.009325361166593663,0.013506315852844467,0.05006173162589163
CN,effective,1,4,0.0007138766285322057,0.02567545866759009,0.032497900367900255,0.10220758214377727,118,0.002363617555228094,0.009408970587831926,0.014056318015749681,0.05093948272005083
CN,effective,1,5,0.003100002957676859,0.02280721984200516,0.035597903325577114,0.10794270307918845,118,0.002099574769137696,0.009936931264203608,0.016121518047738044,0.055074288603416184
CN,effective,1,6,-0.0026291302150035258,0.034413536023278665,0.03296877311057359,0.11472856724502593,118,0.0031680227775159947,0.010561620695361184,0.01226799654766567,0.05366954967348152
CN,effective,1,7,-0.0034200968560790567,0.025682952046106787,0.02954867625449453,0.11083541337863102,118,0.002364307376634572,0.010203226832063598,0.009550351663649877,0.04954700084533918
CN,effective,1,8,0.001401590286827022,0.024383257867820793,0.030950266541321554,0.11581081905485947,118,0.0022446608294785413,0.010661250049991912,0.010054216443337406,0.0518463166393057
CN,effective,1,9,0.0028774008345973747,0.024945187487392974,0.03382766737591893,0.12215938129367407,118,0.0022963906439608826,0.01124568257571196,0.011786129527523483,0.05586920522431437
CN,effective,1,10,-0.0012336260359219887,0.026553853183042878,0.03259404133999694,0.12609293286872247,118,0.0024444803247707877,0.011607795349530313,0.009842762454917525,0.05534532022507635
CN,effective,1,11,-0.0028603172713204685,0.02303510605754949,0.029733724068676474,0.12298116263560324,118,0.0021205533957175974,0.011321333680196203,0.0075439100554919175,0.05192353808186103
CN,effective,1,12,0.001903567389794342,0.02444089795587648,0.031637291458470815,0.12034475458262242,118,0.0022499670296822903,0.011078632646596514,0.009923171471141648,0.05335141144579998
CN,effective,1,13,0.0009871232632347258,0.022728870288132523,0.03262441472170554,0.11649183661575903,118,0.002092362108075815,0.010723942798082628,0.01160548683746359,0.05364334260594749
CN,effective,1,14,-0.004766660731081523,0.020702282957314053,0.027857753990624016,0.12138101441082287,118,0.0019057996223052357,0.011174028096135415,0.005956658922198602,0.049758849059049426
CN,effective,1,15,0.002387137022970715,0.025232902655660902,0.030244891013594732,0.12456354152610066,118,0.0023228769720700622,0.011467003464445206,0.0077695642232821285,0.052720217803907336
CN,effective,1,16,0.0002362831577600704,0.029519734706827224,0.0304811741713548,0.13378947784296683,118,0.0027175118498197347,0.01231631974441054,0.006341187472310144,0.05462116087039946
CN,effective,1,17,-0.0009667414976505654,0.0262731291717448,0.029514432673704235,0.14082778586643904,118,0.0024186375848272265,0.012964248516346403,0.004104505581665287,0.05492435976574318
CN,effective,1,18,0.004720513314877289,0.024936984484486557,0.034234945988581525,0.14138690365825263,118,0.002295635496334263,0.013015719481102297,0.008724135805621022,0.05974575617154203
CN,effective,1,19,-0.0028690197141208887,0.026274954134873164,0.03136592627446064,0.15188601537534918,118,0.0024188055863006834,0.013982241056826094,0.003960733803081495,0.058771118745839776
CN,effective,1,20,-0.004542571958837461,0.02456215199889787,0.026823354315623174,0.14814928725273757,118,0.002261129369114595,0.013638247350459784,9.23895087220003e-05,0.05355431912252435
US,announce,0,-20,0.002932502695673519,0.02864512938683064,0.002932502695673519,0.02864512938683064,293,0.0016734663271434018,0.0016734663271434018,-0.0003474913055275487,0.006212496696874586
US,announce,0,-19,0.0001536936406093664,0.032270250077548294,0.0030861963362828855,0.04797187228841091,293,0.0018852481391863195,0.00280254670316089,-0.0024067952019124587,0.00857918787447823
US,announce,0,-18,-0.003754783924084399,0.03242294440234557,-0.0006958990598040158,0.056865394354267726,293,0.0018941686368892068,0.003322111809882333,-0.007207238207173388,0.005815440087565357
US,announce,0,-17,-0.0029158381032152706,0.0338357726593026,-0.0036117371630192867,0.06066531010623839,293,0.001976706944959872,0.0035441052584379617,-0.010558183469557692,0.0033347091435191184
US,announce,0,-16,-0.006129121289634669,0.030356023213244418,-0.009740858452653958,0.07277847960581788,293,0.0017734178117101737,0.004251764176601067,-0.01807431623879205,-0.0014074006665158664
US,announce,0,-15,-0.0037452015594461553,0.02991023175249742,-0.013486060012100112,0.06983824540532849,293,0.0017473743964958879,0.004079993860538313,-0.021482847978755205,-0.005489272045445019
US,announce,0,-14,0.0005221104744421934,0.027630888322852355,-0.012963949537657919,0.0709114059901636,293,0.0016142137315187481,0.0041426885713244585,-0.02108361913745386,-0.004844279937861981
US,announce,0,-13,-0.002159420400944977,0.03074035493470514,-0.015123369938602894,0.07957527226437186,293,0.0017958707106177716,0.004648837043442254,-0.024235090543749713,-0.006011649333456076
US,announce,0,-12,-0.0027789509221152193,0.031354505898183296,-0.017902320860718114,0.08105350767851553,293,0.001831749793001525,0.004735196478435681,-0.02718330595845205,-0.008621335762984178
US,announce,0,-11,-0.001588351690415898,0.025167883792147072,-0.01949067255113401,0.08283088118383981,293,0.0014703234704528697,0.004839031747313345,-0.028975174775868168,-0.010006170326399855
US,announce,0,-10,-0.00587661009585661,0.032008549728752875,-0.025367282646990622,0.08360202409395621,293,0.0018699594415652796,0.0048840823971487216,-0.03494008414540212,-0.015794481148579127
US,announce,0,-9,0.0049041789506974395,0.033089473013983614,-0.020463103696293186,0.08758939466066565,293,0.001933107654150784,0.005117027072912647,-0.030492476759201977,-0.010433730633384397
US,announce,0,-8,0.002486472921849945,0.03178262276175112,-0.01797663077444324,0.09654340421308667,293,0.0018567606472234778,0.005640125896330278,-0.029031277531250586,-0.0069219840176358936
US,announce,0,-7,-0.0011758981559306064,0.024918695511958057,-0.019152528930373846,0.09947839380802898,293,0.0014557657356846403,0.005811589819265473,-0.03054324497613417,-0.0077618128846135195
US,announce,0,-6,0.008213673665259614,0.08967221104411253,-0.011121589918357733,0.1276277995696174,293,0.005238706505260521,0.007456095662997908,-0.02573553741783363,0.0034923575811181655
US,announce,0,-5,-0.0006983292776999013,0.024509690315466987,-0.011819919196057635,0.12876128984390342,293,0.0014318713969748579,0.007522314871874453,-0.026563656344931564,0.0029238179528162933
US,announce,0,-4,-0.0013143755328113797,0.02292217697615076,-0.012915403583035558,0.13081250778961764,293,0.0013391278774270614,0.0076421483037793945,-0.02789401425844317,0.0020632070923720554
US,announce,0,-3,-0.003221630759480616,0.021907445981636187,-0.016137034342516177,0.12881888276109188,293,0.0012798466597548673,0.007525679486022126,-0.030887366135119543,-0.0013867025499128098
US,announce,0,-2,-0.0005750592777305709,0.025305028904507962,-0.016712093620246747,0.13073384284655137,293,0.0014783355734658784,0.007637552648735554,-0.03168169681176843,-0.0017424904287250617
US,announce,0,-1,-0.004218454674203194,0.06879320436060608,-0.020785225741230404,0.1353780813481932,293,0.004018941910826062,0.00790887195900174,-0.03628661478087382,-0.0052838367015869935
US,announce,0,0,0.0039037092334836387,0.029024951066450082,-0.017405346282519992,0.15045591396499342,293,0.0016956557465933417,0.008789728345781404,-0.034633213840251545,-0.00017747872478844282
US,announce,0,1,0.0008392294928822218,0.024983286790795853,-0.017032511441431083,0.14996027312793642,293,0.0014595391984853312,0.00876077269890786,-0.03420362593129049,0.00013860304842832488
US,announce,0,2,-0.0010384217222933762,0.03099759377840776,-0.018070933163724462,0.15775501875642436,293,0.001810898764328276,0.009216146600759383,-0.03613458050121285,-7.285826236071852e-06
US,announce,0,3,-0.002107848315941218,0.030375178737854155,-0.02117549783569353,0.15214953869263947,293,0.0017745368894067784,0.008888670958825983,-0.03859729291499246,-0.003753702756394601
US,announce,0,4,0.0019107503336333754,0.025341728091529167,-0.020636330366807447,0.15289507524346715,293,0.0014804795628640117,0.008932225669178884,-0.03814349267839806,-0.0031291680552168327
US,announce,0,5,-0.0009365441741343709,0.030357298906158646,-0.022221985750323116,0.15478522922897375,293,0.0017734923384859793,0.009042649644059424,-0.039945579052679585,-0.004498392447966647
US,announce,0,6,0.012773128556780488,0.09336331683113873,-0.009448857193542626,0.15657412231501142,293,0.005454343207790211,0.009147157894028089,-0.027377286665837677,0.008479572278752427
US,announce,0,7,-0.003190836308550919,0.029728029636112423,-0.012639693502093548,0.16657525702708703,293,0.0017367300352019663,0.009731430422452348,-0.031713297130100154,0.006433910125913055
US,announce,0,8,0.00047976328898572366,0.021235515807556272,-0.012159930213107822,0.16724287180124786,293,0.0012405920798460295,0.009770432894006037,-0.03130997868535965,0.006990118259144008
US,announce,0,9,0.0002077394528104062,0.03288386902838421,-0.011952190760297417,0.1717489322719011,293,0.0019210961410596522,0.010033679757508665,-0.031618203085014396,0.007713821564419566
US,announce,0,10,-0.00103088477178362,0.021482532965916172,-0.012983075532081034,0.17235725568967808,293,0.0012550229763226915,0.010069218391037428,-0.03271874357851439,0.006752592514352325
US,announce,0,11,0.0005100024669648138,0.024155738051509914,-0.012473073065116224,0.17511571470692588,293,0.0014111932849248333,0.010230369287506813,-0.03252459686862958,0.00757845073839713
US,announce,0,12,0.0011740923495691202,0.033606567123577305,-0.011298980715547104,0.1785803726575909,293,0.0019633166145881236,0.010432776766181815,-0.03174722317726346,0.009149261746169254
US,announce,0,13,-1.0597447513752631e-05,0.027630921233453277,-0.011309578163060854,0.18050357789331525,293,0.0016142156541765831,0.010545131615716906,-0.03197803612986599,0.00935887980374428
US,announce,0,14,-0.0008404017736310039,0.02329287215001098,-0.012783201265260523,0.18808584605875228,293,0.001360784120717582,0.010988092451637017,-0.03431986247046907,0.00875345993994803
US,announce,0,15,-0.00040891764077330325,0.02717526241690808,-0.01319211890603383,0.18876610596352691,293,0.0015875957818814708,0.01102783365960899,-0.03480667287886745,0.00842243506679979
US,announce,0,16,-0.004013108382581768,0.029025487729164436,-0.016548433895624208,0.18547076212316094,293,0.0016956870987638757,0.010835317616873041,-0.03778565642469536,0.00468878863344695
US,announce,0,17,-0.0016027529497128184,0.029604672378459356,-0.018151186845337026,0.18761286860626297,293,0.0017295234272616277,0.010960460813826968,-0.03963369004043788,0.00333131634976383
US,announce,0,18,0.004770136278796631,0.04238492467856509,-0.013381050566540395,0.1813554007275799,293,0.0024761537387468532,0.010594895637047845,-0.03414704601515417,0.007384944882073382
US,announce,0,19,-0.0037602845622024808,0.026995528085247866,-0.017141335128742875,0.18694612785093154,293,0.001577095590110535,0.01092150940299849,-0.038547493558619916,0.004264823301134164
US,announce,0,20,0.0012495869645403246,0.026755433282760154,-0.016399158508175103,0.1907050915603016,293,0.001563069101981979,0.011141110407680175,-0.038235734907228244,0.005437417890878041
US,announce,1,-20,0.003652861240323491,0.022784181307747002,0.003652861240323491,0.022784181307747002,318,0.0012776734431168978,0.0012776734431168978,0.0011486212918143716,0.006157101188832611
US,announce,1,-19,0.0031360708625788724,0.02240570549273337,0.006788932102902363,0.03331789361897553,318,0.001256449573311204,0.0018683746974522486,0.0031269176958959558,0.01045094650990877
US,announce,1,-18,0.0012885027781424218,0.02440826993398103,0.008077434881044785,0.04278668760624552,318,0.0013687478108538624,0.0023993582975417676,0.003374692617862921,0.01278017714422665
US,announce,1,-17,0.0024875255652558,0.020681376808586727,0.010564960446300585,0.04651849747287416,318,0.0011597540222540428,0.0026086278032988962,0.005452049951834749,0.01567787094076642
US,announce,1,-16,0.004390065121753399,0.021364785808059863,0.014955025568053986,0.050635452084660575,318,0.0011980776959300866,0.0028394951538939605,0.009389615066421823,0.02052043606968615
US,announce,1,-15,0.0004839690698684554,0.01728498383435222,0.01543899463792244,0.05352836582636816,318,0.0009692937618235857,0.003001721700947945,0.009555620104064468,0.02132236917178041
US,announce,1,-14,0.0037942712835239835,0.01966226603474265,0.019233265921446422,0.058144045116416236,318,0.0011026051278633475,0.003260556142755774,0.012842575881645106,0.025623955961247738
US,announce,1,-13,0.003350492939023372,0.020434483303147316,0.022583758860469795,0.06107151995312258,318,0.0011459089219663834,0.0034247207797787815,0.015871306132103385,0.029296211588836205
US,announce,1,-12,0.001663136481039555,0.021658757859224127,0.024147407417013888,0.06780443345077028,318,0.0012145628299675107,0.0038022838203179117,0.01669493112919078,0.031599883704837
US,announce,1,-11,0.0010397828604711947,0.020800582184416376,0.02518719027748508,0.07644825382609827,318,0.0011664387277923773,0.00428700519746365,0.01678466009045633,0.033589720464513834
US,announce,1,-10,0.0028575305074704685,0.021326005507012774,0.027934250652159567,0.08463571794787328,318,0.0011959030046346352,0.00474613538667556,0.01863182529427547,0.037236676010043664
US,announce,1,-9,0.0020611914998737288,0.022352989528922642,0.029873458524731288,0.08189718868602394,318,0.001253493408853086,0.004592566291354424,0.020872028593676616,0.03887488845578596
US,announce,1,-8,-0.0018229968819077204,0.02005295483105888,0.027920577040542127,0.08326391753390967,318,0.0011245138676523353,0.0046692086393632865,0.018768928107390087,0.03707222597369417
US,announce,1,-7,0.0016378518158328152,0.019965608260912926,0.02908115403516909,0.0845473886836792,318,0.0011196157152230056,0.004741182127500411,0.019788437065268283,0.0383738710050699
US,announce,1,-6,0.00037490479923677796,0.03229316402993163,0.028339592368404255,0.0897544041005252,318,0.0018109107155512485,0.005033177052669933,0.01847456534517119,0.03820461939163732
US,announce,1,-5,-0.0007794633119646027,0.025825318041651786,0.02732097637822527,0.08989528771389263,318,0.0014482119228329208,0.005041077413404366,0.017440464647952715,0.03720148810849783
US,announce,1,-4,0.0014113375054995163,0.020351425071960683,0.029246855626306988,0.09202836374982683,318,0.001141251247644623,0.00516069437775566,0.019131894645905895,0.03936181660670808
US,announce,1,-3,-1.327468961267448e-05,0.021302195293273145,0.02863913265160677,0.08940120581710953,318,0.001194567794149819,0.005013370676448671,0.018812926125767376,0.03846533917744616
US,announce,1,-2,0.0010434727485836891,0.02145102686074156,0.029682605400190458,0.09022451271238942,318,0.0012029138540184346,0.005059539434563165,0.019765908108446653,0.03959930269193426
US,announce,1,-1,0.003826490290220584,0.0229854715997442,0.0333889231989123,0.09616297709799589,318,0.0012889612421810063,0.0053925519811147075,0.02281952131592747,0.04395832508189712
US,announce,1,0,-2.6172251375828938e-05,0.024389524888944906,0.03270027231263742,0.09889628562615567,318,0.0013676966409255163,0.005545828312228139,0.021830448820670263,0.043570095804604574
US,announce,1,1,0.014729786397150524,0.04532193237854955,0.047172576250633313,0.11337864818208009,318,0.00254152776475332,0.00635795887691091,0.03471097685188793,0.059634175649378694
US,announce,1,2,-0.004763101092121609,0.025357314139604837,0.04222448466341118,0.11608079070671888,318,0.0014219675672054858,0.006509487505331451,0.029465889152961534,0.054983080173860825
US,announce,1,3,-0.00045144739296062514,0.028832603181084923,0.04177303727045056,0.12056755536056815,318,0.0016168520993938122,0.006761092773315761,0.028521295434751667,0.055024779106149446
US,announce,1,4,-0.0005641980873329872,0.03755772182261725,0.04120883918311757,0.12467497866147409,318,0.0021061324569258853,0.0069914256345374485,0.027505644939424166,0.05491203342681097
US,announce,1,5,-0.0009269085439227531,0.026464623864023856,0.040120958611135765,0.1271787603473858,318,0.0014840624131464378,0.00713183073947594,0.026142570361762922,0.05409934686050861
US,announce,1,6,-0.00044595462098427375,0.02406612278613179,0.039869282707359927,0.12815290553368108,318,0.0013495611515422755,0.007186458088927661,0.025783824853061712,0.05395474056165814
US,announce,1,7,-0.002047357158883815,0.02378932857520972,0.03782192554847611,0.13426566210338772,318,0.0013340393029523778,0.00752924445583113,0.023064606415047095,0.05257924468190513
US,announce,1,8,-0.0019065833975932093,0.022827147886743428,0.03577401002219862,0.1349590283200836,318,0.001280082889222677,0.00756812650252225,0.02094048207725501,0.05060753796714223
US,announce,1,9,-0.0007030911097364448,0.02136270445605745,0.035070918912462175,0.1374214707151488,318,0.001197960979505505,0.007706213415143077,0.019966740618781745,0.050175097206142605
US,announce,1,10,-0.0013449233691539405,0.01892800037438495,0.03358314799654651,0.13716463274250523,318,0.001061429554259887,0.007691810656825881,0.018507199109167788,0.04865909688392524
US,announce,1,11,-0.0032965799599818783,0.02232745957563804,0.030286568036564633,0.13460088462533312,318,0.0012520617601633585,0.0075480428014042785,0.015492404145812247,0.04508073192731702
US,announce,1,12,9.869941419280535e-05,0.021336738156513796,0.03038526745075744,0.13388985532928535,318,0.0011965048617326155,0.007508170258407553,0.015669253744278633,0.045101281157236245
US,announce,1,13,-0.0019345693299020657,0.02045967171099435,0.028450698120855374,0.13600712347930632,318,0.0011473214177390363,0.007626900760535326,0.013501972630206135,0.04339942361150462
US,announce,1,14,0.002443961952989947,0.020097089923542255,0.029352945903340092,0.14130314186511225,318,0.001126988840740631,0.007923886724367273,0.013822127923580238,0.04488376388309995
US,announce,1,15,0.001415634976441931,0.01812942770883433,0.030768580879782025,0.14147458697291587,318,0.0010166478228739023,0.007933500888608431,0.0152189191381095,0.04631824262145455
US,announce,1,16,0.002109986653473873,0.019206204016844926,0.03439024592999123,0.14679532737433723,318,0.0010770304398457404,0.008231873194235392,0.01825577446928986,0.0505247173906926
US,announce,1,17,0.0016995923020253086,0.020313234174073016,0.03608983823201654,0.15068361884222867,318,0.0011391096084371053,0.008449917752454112,0.019527999437206477,0.0526516770268266
US,announce,1,18,0.003009105189181954,0.018520630799023222,0.03909894342119849,0.14757351730421844,318,0.0010385854028311713,0.008275511918562616,0.022878940060815763,0.05531894678158122
US,announce,1,19,-0.0029685138259906876,0.034793204427853115,0.036130429595207805,0.14481172766878417,318,0.0019511060194772045,0.00812063844626146,0.020213978240535346,0.05204688094988026
US,announce,1,20,-0.0013661317284823374,0.022149668227208024,0.0350513919230579,0.14834196194495125,318,0.0012420917164195557,0.008318604154211038,0.01874692778080427,0.05135585606531154
US,effective,0,-20,0.005320992547944749,0.0239383042258991,0.005320992547944749,0.0239383042258991,293,0.0013984906652009736,0.0013984906652009736,0.0025799508441508405,0.008062034251738657
US,effective,0,-19,0.0016231829613045966,0.025849871778676613,0.006944175509249345,0.033988617487524554,293,0.0015101656340389142,0.001985636235166711,0.003052328488322592,0.010836022530176098
US,effective,0,-18,-0.0011093761074811497,0.024685246719715087,0.005834799401768195,0.036201570701199504,293,0.0014421275116202551,0.002114918342313742,0.0016895594508332607,0.00998003935270313
US,effective,0,-17,-0.0028291853380238026,0.0379572653212605,0.003304810648180045,0.04902032978875807,293,0.002217487117191389,0.0028637982443418687,-0.0023082339107300177,0.008917855207090108
US,effective,0,-16,-0.004038831013417178,0.024526325538255855,-0.0007340203652371328,0.05754612473159818,293,0.0014328432370669644,0.003361880503154491,-0.0073233061514199355,0.005855265420945669
US,effective,0,-15,-0.004276502138347435,0.024949296814968214,-0.00518816127649029,0.05869140023697166,293,0.0014575534828950877,0.0034287882125826003,-0.011908586173152186,0.0015322636201716066
US,effective,0,-14,-0.001698564208446598,0.022063417657019753,-0.006886725484936888,0.05952568246114795,293,0.0012889586223233638,0.0034775275005306306,-0.013702679385976923,-7.07715838968526e-05
US,effective,0,-13,0.00029843864679296634,0.029110077084865137,-0.006527876965469037,0.0681108340580503,293,0.0017006288616893718,0.003979077412099282,-0.01432686869318363,0.0012711147622455551
US,effective,0,-12,0.0030835561810113763,0.028614016885402545,-0.0034443207844576593,0.07318009874636273,293,0.0016716487154025013,0.0042752270173151705,-0.011823765738395393,0.004935124169480075
US,effective,0,-11,0.002963448091851223,0.030729027584500437,-0.0004808726926064375,0.08221871806547475,293,0.0017952089597529964,0.004803268796081083,-0.00989527953292536,0.008933534147712485
US,effective,0,-10,0.0014060429700522652,0.03798086152980201,0.0009251702774458268,0.08017252707361713,293,0.0022188656224133145,0.004683729041956177,-0.00825493864478828,0.010105279199679932
US,effective,0,-9,-0.0021730025320484715,0.036037261889316656,-0.001247832254602646,0.08294789041724805,293,0.0021053193190303876,0.004845867499717506,-0.010745732554048957,0.008250068044843666
US,effective,0,-8,0.0011078479644200966,0.02894142730351809,-0.0001399842901825487,0.08066937098683996,293,0.001690776236262093,0.004712754973289789,-0.009376984037830535,0.009097015457465437
US,effective,0,-7,-0.00036666215149926926,0.018995950747952073,-0.0005066464416818179,0.08118345797914671,293,0.0011097552920597761,0.004742788256059434,-0.009802511423558306,0.008789218540194672
US,effective,0,-6,0.00809639772039139,0.08134389686731917,0.007589751278709572,0.10375195755456014,293,0.004752161195985633,0.0060612540791172235,-0.004290306716360186,0.01946980927377933
US,effective,0,-5,-0.002991572829559089,0.02348560612120936,0.004598178449150484,0.10741101101411483,293,0.001372043759539301,0.006275018264682309,-0.0077008573496268416,0.01689721424792781
US,effective,0,-4,-0.00700697159545776,0.056577428520387246,-0.002448777306734671,0.1316591550056069,293,0.003305288666238643,0.007691609962262219,-0.017524332832768618,0.012626778219299277
US,effective,0,-3,0.0008666695518755478,0.035140791637545896,-0.0015609976056631342,0.14372381538354978,293,0.0020529469677184106,0.008396434947280115,-0.01801801010233216,0.014896014891005891
US,effective,0,-2,0.0031804876704995067,0.027029623395223693,0.0013894802227878815,0.14955856343969093,293,0.0015790874593874214,0.008737304568340603,-0.015735636731159703,0.018514597176735464
US,effective,0,-1,-0.008788908881988347,0.046655761866699855,-0.006977164299422249,0.14212359295594557,293,0.0027256587113563034,0.008302948954866812,-0.0232509442509612,0.009296615652116702
US,effective,0,0,0.0001424643496463892,0.030279785022669398,-0.009583324506286097,0.1393334584918101,293,0.0017689639290606404,0.008139947559031623,-0.025537621721988077,0.006370972709415883
US,effective,0,1,0.002295860325187494,0.03747786196631613,-0.007299799015307065,0.14285208299643157,293,0.0021894800741515414,0.008345507797452216,-0.023656994298313406,0.009057396267699278
US,effective,0,2,0.0031134661664292537,0.022779331201760452,-0.004186332848877812,0.1395941818305982,293,0.0013307827381823143,0.008155179179118593,-0.020170484039950257,0.011797818342194632
US,effective,0,3,0.006733480679606539,0.07770292895344522,0.0022706713572570357,0.12282532775441776,293,0.004539453579280684,0.007175532263850314,-0.011793371879889578,0.01633471459440365
US,effective,0,4,-0.0008657034102141325,0.027294749939389108,0.0014049679470429035,0.12375308312333796,293,0.0015945763174791813,0.007229732311221307,-0.012765307382950859,0.015575243277036667
US,effective,0,5,-0.002891968552448236,0.020119402440012306,-0.0013212369106014243,0.1229555214424697,293,0.0011753880407007866,0.007183138260319008,-0.01540018790082668,0.012757714079623832
US,effective,0,6,0.007186067902571763,0.05636478026683563,0.005864830991970339,0.14399050647023384,293,0.003292865622619643,0.00841201520692175,-0.010622718813596293,0.022352380797536972
US,effective,0,7,0.0038591905136331887,0.02606774921907748,0.009724021505603529,0.14430614693831464,293,0.0015228941700155285,0.00843045511995841,-0.006799670529514952,0.026247713540722008
US,effective,0,8,6.316174387524783e-05,0.033841332667233846,0.009787183249478776,0.14759134061043885,293,0.001977031764091458,0.008622378183534165,-0.007112677990248187,0.02668704448920574
US,effective,0,9,0.0025870611537739618,0.024833938482778938,0.01237424440325274,0.15208767193319409,293,0.0014508141771699431,0.008885056664147708,-0.0050404666584767666,0.029788955464982246
US,effective,0,10,-0.0030499185000564654,0.021903256280877244,0.009324325903196271,0.1574384200353567,293,0.0012796018948230629,0.00919765070598549,-0.008703069480535291,0.02735172128692783
US,effective,0,11,-0.002080853007984972,0.03509261341060081,0.007243472895211301,0.1614008095929889,293,0.0020501323656474863,0.009429135975616376,-0.011237633616996794,0.025724579407419398
US,effective,0,12,-0.0017739999319730676,0.03105257145787548,0.0054694729632382335,0.1638934135319692,293,0.0018141105946569607,0.00957475545257731,-0.013297047723813292,0.024235993650289757
US,effective,0,13,0.0016564426595251757,0.043745751200571774,0.0071259156227634094,0.1640284273173784,293,0.0025556540730238848,0.009582643042140314,-0.011656064739831603,0.025907895985358424
US,effective,0,14,-0.0008889456477533276,0.02439558635258108,0.006236969975010081,0.1654300791413933,293,0.0014252053722868712,0.009664528416026823,-0.01270550572040249,0.025179445670422653
US,effective,0,15,0.001156648046307171,0.023610901691154967,0.006268962468250826,0.1659110587462727,293,0.0013793636048928574,0.009692627544571114,-0.012728587519108558,0.02526651245561021
US,effective,0,16,0.0021168658424457077,0.03025923938020242,0.007528298924316588,0.1737582301235997,292,0.001770788045170611,0.010168431294217682,-0.012401826412350068,0.027458424260983244
US,effective,0,17,0.0012886823171917162,0.021380199895884792,0.00763815830284389,0.17623836545768617,290,0.0012554885676129706,0.0103490731650975,-0.01264602510074721,0.02792234170643499
US,effective,0,18,-0.0013619009906254555,0.02980037045959737,0.006276257312218435,0.17168548589142155,290,0.0017499380082904251,0.010081718871264907,-0.013483911675460782,0.026036426299897653
US,effective,0,19,-0.0032723228973686796,0.02271917920297285,0.0030039344148497554,0.17064013190154942,290,0.0013341161398763603,0.01002033357132458,-0.016635919384946424,0.022643788214645934
US,effective,0,20,-0.0002218677527397152,0.029481197557936024,0.002782066662110041,0.17072865037056048,290,0.0017311955301527531,0.010025531554804958,-0.016867975185307676,0.022432108509527756
US,effective,1,-20,0.00191427045980937,0.02136969096712961,0.00191427045980937,0.02136969096712961,318,0.0011983527635918572,0.0011983527635918572,-0.00043450095683067,0.00426304187644941
US,effective,1,-19,0.0024910565965184967,0.021019600572988427,0.0044053270563278665,0.030170899781074862,318,0.001178720669146909,0.0016919000461128539,0.001089202965946673,0.0077214511467090605
US,effective,1,-18,0.003162483156228218,0.017932448078940875,0.007567810212556085,0.03897332283441348,318,0.0010056017537371416,0.0021855154197978704,0.003284199989752259,0.011851420435359911
US,effective,1,-17,0.0015268850852069651,0.02892435030303785,0.008413355160601484,0.03942631578251082,318,0.001621997022514741,0.0022109180029271755,0.004079955874864221,0.012746754446338748
US,effective,1,-16,0.0018308518401176524,0.02266466801076261,0.010244207000719137,0.045725431828582117,318,0.0012709714702176396,0.002564154890330292,0.005218463415671764,0.015269950585766509
US,effective,1,-15,0.000688116007654518,0.017719491454373903,0.01153594939668707,0.05082231777108866,318,0.0009936597392284825,0.002849974061244377,0.005950000236648091,0.01712189855672605
US,effective,1,-14,0.0010207584806413803,0.017975031677563702,0.01255670787732845,0.05671330665418853,318,0.001007989723370013,0.0031803243138151974,0.006323272222250663,0.018790143532406236
US,effective,1,-13,0.002595908518622404,0.021759304105910766,0.015152616395950856,0.06353366102130059,318,0.0012202011835015444,0.0035627907948268486,0.008169546438090234,0.02213568635381148
US,effective,1,-12,-0.001006674113610152,0.02138109118787334,0.014079483438498814,0.06595403029051389,318,0.001198992056226216,0.003698518363706341,0.0068303874456343856,0.021328579431363244
US,effective,1,-11,0.0015755354062844185,0.02415647673294001,0.015532588554013677,0.07122745630091509,318,0.0013546279492805118,0.003994237410036111,0.007703883230342899,0.023361293877684455
US,effective,1,-10,0.004579410735577471,0.03089581045651164,0.019846484955334504,0.07649789386029314,318,0.0017325510182117539,0.004289788872354115,0.011438498765520437,0.02825447114514857
US,effective,1,-9,0.003277580834083875,0.02399118277531607,0.022790511420421163,0.0780187228634381,318,0.0013453587244129943,0.004375072727964041,0.014215368873611642,0.031365653967230685
US,effective,1,-8,-0.0007836578409381234,0.020323469808427065,0.021630150911376902,0.08289004759660373,318,0.0011396835943096272,0.004648243054353956,0.012519594524843148,0.030740707297910654
US,effective,1,-7,0.002432159269857854,0.020633903302486455,0.023885013862289042,0.0860111220592812,318,0.0011570918402262276,0.004823264219305687,0.014431415992449896,0.03333861173212819
US,effective,1,-6,0.0008004106496147462,0.023107444629210185,0.02458793465940465,0.08397497797535004,318,0.0012958011500284836,0.004709082928906902,0.015358132118747123,0.033817737200062176
US,effective,1,-5,0.0007105666227761299,0.022876740145566933,0.025298501282180783,0.08307912140904482,318,0.0012828638850033516,0.004658845787262454,0.01616716353914637,0.034429839025215195
US,effective,1,-4,0.0021118290151211482,0.027929405307594374,0.027104300039856196,0.08703791625097909,318,0.0015662032776849473,0.004880843978374449,0.017537845842242276,0.03667075423747011
US,effective,1,-3,0.002666246366683559,0.02926202630610118,0.029340319421780132,0.09427901180109206,318,0.0016409329524770424,0.005286904453336766,0.018977986693240072,0.03970265215032019
US,effective,1,-2,0.002111401501964231,0.03104578797137882,0.03122069478656499,0.09927443216635484,318,0.001740961339619498,0.005567033717219134,0.020309308700815487,0.042132080872314494
US,effective,1,-1,-0.0007441511205782401,0.02794286700525034,0.03047654366598675,0.10286877697352222,318,0.0015669581722041746,0.005768594565225614,0.01917009831814455,0.04178298901382895
US,effective,1,0,0.0021714490846650746,0.039035169111076275,0.03264799275065183,0.10647156146501364,318,0.0021889835867765473,0.00597062868722792,0.02094556052368511,0.044350424977618555
US,effective,1,1,-0.0028375577178438778,0.03202111730248266,0.02942933005906493,0.10707044364422287,318,0.0017956550926147231,0.006004212332196169,0.01766107388796044,0.04119758623016942
US,effective,1,2,-0.0022343907047070264,0.021534240760181143,0.027360213526449156,0.1111468182861475,318,0.0012075802577823482,0.006232804071079996,0.015143917547132365,0.039576509505765946
US,effective,1,3,-0.0017364741840494543,0.0239282088030874,0.02422316819781858,0.11149116425009874,318,0.001341827319407154,0.006252114033875779,0.011969024691422053,0.03647731170421511
US,effective,1,4,-9.362677027268856e-05,0.024044535566566744,0.024129541427545892,0.11309068889186724,318,0.0013483506003806407,0.006341810921764562,0.01169959202088735,0.036559490834204435
US,effective,1,5,-0.0019697550722544426,0.024918309054429072,0.02358066928693174,0.11959259525563645,318,0.0013973493844783482,0.006706419725496125,0.010436086624959337,0.03672525194890414
US,effective,1,6,-0.00197989979113635,0.0193413071505956,0.02160076949579539,0.1191462626249163,318,0.0010846066473795355,0.006681390634419074,0.008505243852334005,0.034696295139256775
US,effective,1,7,-0.00012017352044593569,0.019687722737369004,0.021383434551113578,0.11913332052660161,318,0.0011040326688601335,0.006680664877584034,0.00828933139104887,0.034477537711178285
US,effective,1,8,2.6875094538128142e-05,0.02110289078859316,0.021410309645651705,0.12165611114225978,318,0.0011833913525088546,0.006822135950370617,0.008038923182925295,0.03478169610837811
US,effective,1,9,-0.0003512263145978455,0.02088307132833526,0.02105908333105386,0.1255436986027768,318,0.0011710644892848373,0.007040141029816153,0.007260406912614202,0.03485775974949352
US,effective,1,10,-0.0005099630735332264,0.022868923550161534,0.020549120257520637,0.12572960598597527,318,0.0012824255520990364,0.007050566198189934,0.006730010509068365,0.03436823000597291
US,effective,1,11,-0.0009192577570256928,0.02143102940601257,0.01962986250049494,0.1279161549125184,318,0.0012017924524419614,0.007173181773346458,0.005570426224735881,0.033689298776254
US,effective,1,12,0.0009446373463717719,0.020355508386434632,0.020574499846866712,0.12866000166834368,318,0.0011414802285499622,0.00721489462810431,0.006433306375782264,0.03471569331795116
US,effective,1,13,-0.0005892909588235402,0.02186113413817261,0.019985208888043175,0.13350446801841753,318,0.001225911528155818,0.007486558811160044,0.00531155361816949,0.03465886415791686
US,effective,1,14,0.0012507448868890618,0.01901983794117869,0.02123595377493224,0.13439951596810915,318,0.0010665795492756367,0.007536750607836467,0.0064639225835727634,0.03600798496629171
US,effective,1,15,-0.0012805676045453817,0.03348858947358783,0.019955386170386853,0.13142682638158623,318,0.0018779468456608006,0.0073700504535483225,0.00551008728143214,0.03440068505934157
US,effective,1,16,-0.0005698388652326712,0.020103209609471224,0.01889804679008175,0.12979647677546874,317,0.0011291087417941697,0.007290096428792124,0.004609457789649189,0.03318663579051431
US,effective,1,17,0.00173260946791803,0.01801594409020412,0.01926500121221922,0.12841869912602907,315,0.0010150834533858056,0.00723557399687098,0.005083276178352102,0.03344672624608634
US,effective,1,18,-0.00019880633377338265,0.01887242927653045,0.019066194878445842,0.12864580594628916,315,0.0010633409266748487,0.007248370016565692,0.0048593896459770865,0.033273000110914594
US,effective,1,19,-0.0012489317332619564,0.02486432084162644,0.017817263145183886,0.1321372327778848,315,0.001400945770015701,0.007445089632685449,0.003224887465120405,0.03240963882524737
US,effective,1,20,0.0013655246444883643,0.018235805388872355,0.019400902066237777,0.1302561470618443,315,0.001027471234187112,0.007339102459590738,0.00501626124543993,0.03378554288703563
