event_id,market,ticker,announce_date,effective_date,sector,batch_id,gap_length_days,pre_announce_runup,announce_jump,gap_drift,effective_jump,post_effective_reversal
CN-csi300-000066-20200601-20200615-add-01,CN,000066,2020-06-01,2020-06-15,计算机、通信和其他电子设备制造业,csi300-2020-06,14,0.0,-0.013207638455237201,0.007986286283173797,-0.013207638455237201,-0.1244486569274469
CN-csi300-000301-20211126-20211210-add-01,CN,000301,2021-11-26,2021-12-10,化学原料和化学制品制造业,csi300-2021-11,14,-0.1721922426417111,0.0479305282095785,-0.026444794212310396,0.0300662341801311,-0.163876238307162
CN-csi300-000408-20220527-20220610-add-01,CN,000408,2022-05-27,2022-06-10,化学原料和化学制品制造业,csi300-2022-05,14,0.2455069900436146,0.0032175792506815,0.03406726875563601,0.0370636279242832,0.06888627232335161
CN-csi300-000630-20241129-20241213-add-02,CN,000630,2024-11-29,2024-12-13,有色金属冶炼和压延加工业,csi300-2024-11,14,-0.0366469192581642,0.044196686234026,-0.0300681477531992,-0.0171710241811774,-0.0003942575175873986
CN-csi300-000708-20200601-20200615-add-01,CN,000708,2020-06-01,2020-06-15,黑色金属冶炼和压延加工业,csi300-2020-06,14,0.0,-0.0026312837396678,-0.0231707545764263,-0.0026312837396678,0.0034009617808471986
CN-csi300-000792-20220527-20220610-add-01,CN,000792,2022-05-27,2022-06-10,化学原料和化学制品制造业,csi300-2022-05,14,0.1384748485346982,0.031755863636265,-0.11043851169644958,-0.0218149053527077,0.0026984852232851946
CN-csi300-000807-20240531-20240614-add-01,CN,000807,2024-05-31,2024-06-14,有色金属冶炼和压延加工业,csi300-2024-05,14,0.027127234875394902,-0.0191481443091595,-0.027154562246309598,-0.0696229132482669,0.052153865368922296
CN-csi300-000860-20200601-20200615-add-01,CN,000860,2020-06-01,2020-06-15,酒、饮料和精制茶制造业,csi300-2020-06,14,0.0,-0.029759506083577098,0.013494032699044993,-0.029759506083577098,-0.002911535737490311
CN-csi300-000877-20220527-20220610-add-01,CN,000877,2022-05-27,2022-06-10,非金属矿物制品业,csi300-2022-05,14,-0.0134874984768052,0.002958465384844799,-0.0378326001944706,-0.007963519463502999,-0.0144875516664453
CN-csi300-000975-20241129-20241213-add-01,CN,000975,2024-11-29,2024-12-13,有色金属矿采选业,csi300-2024-11,14,-0.1096437732381799,0.0076240155795775,-0.03402468485715229,-0.0206161408707966,0.07581620082800289
CN-csi300-000977-20200601-20200615-add-01,CN,000977,2020-06-01,2020-06-15,计算机、通信和其他电子设备制造业,csi300-2020-06,14,0.0,-0.0440060851242993,-0.0010340822182219982,-0.0440060851242993,-0.036087714139655
CN-csi300-000999-20231124-20231208-add-01,CN,000999,2023-11-24,2023-12-08,医药制造业,csi300-2023-11,14,0.09994406224998499,0.0448626801484067,0.0489495773437611,0.026402740469588702,0.05061783636293861
CN-csi300-001289-20220527-20220610-add-01,CN,001289,2022-05-27,2022-06-10,电力、热力生产和供应业,csi300-2022-05,14,0.024252111124396715,0.0009321692199312989,-0.1305405156180061,-0.0459813534729085,-0.020285392728532994
CN-csi300-001391-20250530-20250613-add-01,CN,001391,2025-05-30,2025-06-13,航空运输业,csi300-2025-05,14,0.002758408790590095,0.004449714369944501,-0.0553673455884528,-0.0245154159146941,-0.018208905286368496
CN-csi300-001965-20240531-20240614-add-01,CN,001965,2024-05-31,2024-06-14,道路运输业,csi300-2024-05,14,0.0737029066873037,0.0026556415299392004,0.004480222026167098,-0.064511480109432,0.050135741299378596
CN-csi300-002028-20241129-20241213-add-01,CN,002028,2024-11-29,2024-12-13,电气机械和器材制造业,csi300-2024-11,14,-0.001646764905722603,0.015827657782152702,-0.0942833517364763,0.0046912125561803,0.017004308261845603
CN-csi300-002064-20211126-20211210-add-01,CN,002064,2021-11-26,2021-12-10,化学纤维制造业,csi300-2021-11,14,-0.08865030298992112,0.0304541385759006,-0.03997196549054599,0.0204035127734391,0.022353175003386593
CN-csi300-002074-20220527-20220610-add-01,CN,002074,2022-05-27,2022-06-10,电气机械和器材制造业,csi300-2022-05,14,0.3181139028297498,0.0454679931837983,0.1988041009120607,0.0603553242439336,-0.0488322247406769
CN-csi300-002129-20200601-20200615-add-01,CN,002129,2020-06-01,2020-06-15,电气机械和器材制造业,csi300-2020-06,14,0.0,0.0737585561102527,0.0671601247261164,0.0737585561102527,0.081375916908652
CN-csi300-002157-20200601-20200615-add-01,CN,002157,2020-06-01,2020-06-15,畜牧业,csi300-2020-06,14,0.0,0.0191588742648937,-0.0586508249394255,0.0191588742648937,-0.04744753988240852
CN-csi300-002371-20200601-20200615-add-01,CN,002371,2020-06-01,2020-06-15,专用设备制造业,csi300-2020-06,14,0.0,-0.0505755308576143,-0.01386467913459879,-0.0505755308576143,0.13422832593223552
CN-csi300-002384-20251128-20251212-add-02,CN,002384,2025-11-28,2025-12-12,计算机、通信和其他电子设备制造业,csi300-2025-11,14,0.07296796722824651,0.0080915293271459,0.08471230284161868,0.007632449015062798,-0.08352476226631729
CN-csi300-002422-20241129-20241213-add-01,CN,002422,2024-11-29,2024-12-13,医药制造业,csi300-2024-11,14,,,,,
CN-csi300-002459-20211126-20211210-add-01,CN,002459,2021-11-26,2021-12-10,电气机械和器材制造业,csi300-2021-11,14,0.0632981761529182,-0.0222125522336357,0.03097808040697051,-0.008095462448278494,-0.0287460272521148
CN-csi300-002463-20200601-20200615-add-01,CN,002463,2020-06-01,2020-06-15,计算机、通信和其他电子设备制造业,csi300-2020-06,14,0.0,-0.0315341215780514,-0.0013737679180350973,-0.0315341215780514,-0.015131056928171406
CN-csi300-002463-20241129-20241213-add-03,CN,002463,2024-11-29,2024-12-13,计算机、通信和其他电子设备制造业,csi300-2024-11,14,-0.09364445005899791,-0.000604799743420599,0.024253978441561005,0.046471507633692,0.1282599682760769
CN-csi300-002466-20211126-20211210-add-01,CN,002466,2021-11-26,2021-12-10,有色金属冶炼和压延加工业,csi300-2021-11,14,0.2371349768530927,0.0915633419033778,-0.1190703395633817,0.06942658799630169,-0.1610416495386865
CN-csi300-002568-20211126-20211210-add-01,CN,002568,2021-11-26,2021-12-10,酒、饮料和精制茶制造业,csi300-2021-11,14,-0.0235779130043145,-0.0106649519334559,0.0522622772567069,0.0729138918679663,-0.17713206254938701
CN-csi300-002600-20250530-20250613-add-01,CN,002600,2025-05-30,2025-06-13,计算机、通信和其他电子设备制造业,csi300-2025-05,14,0.06362641437787009,0.005198881656633201,0.0419994874182921,-0.019685789466028798,0.047772244205461216
CN-csi300-002603-20231124-20231208-add-01,CN,002603,2023-11-24,2023-12-08,医药制造业,csi300-2023-11,14,0.08848834856908189,0.1331894144471801,0.0216176869689213,0.022141332369278805,-0.043948521067261284
CN-csi300-002625-20251128-20251212-add-01,CN,002625,2025-11-28,2025-12-12,铁路、船舶、航空航天和其他运输设备制造业,csi300-2025-11,14,,,,,
CN-csi300-002648-20220527-20220610-add-01,CN,002648,2022-05-27,2022-06-10,化学原料和化学制品制造业,csi300-2022-05,14,0.0671190968277898,0.0433415406874157,-0.066628030459055,-0.011820723654287896,-0.1383869675791737
CN-csi300-002709-20211126-20211210-add-01,CN,002709,2021-11-26,2021-12-10,计算机、通信和其他电子设备制造业,csi300-2021-11,14,-0.2116918009508983,0.0570420541583249,-0.12782800007796663,-0.0686097988733762,-0.13217678770867872
CN-csi300-002791-20211126-20211210-add-01,CN,002791,2021-11-26,2021-12-10,金属制品业,csi300-2021-11,14,0.1678502677324614,0.0252667322720586,0.0798738510185436,0.060538494773530904,0.017847038054795906
CN-csi300-002920-20220527-20220610-add-01,CN,002920,2022-05-27,2022-06-10,计算机、通信和其他电子设备制造业,csi300-2022-05,14,0.13297157019715,0.0330367553634148,0.08707797669159088,0.0031596747708601026,0.005022791785639302
CN-csi300-003816-20200601-20200615-add-01,CN,003816,2020-06-01,2020-06-15,电力、热力生产和供应业,csi300-2020-06,14,0.0,0.049806245060028,-0.0326911290886072,0.049806245060028,-0.034227280397021706
CN-csi300-300014-20200601-20200615-add-01,CN,300014,2020-06-01,2020-06-15,电气机械和器材制造业,csi300-2020-06,14,0.0,-0.006115954482193901,-0.033585375089147516,-0.006115954482193901,-0.09691496845503153
CN-csi300-300207-20220527-20220610-add-01,CN,300207,2022-05-27,2022-06-10,电气机械和器材制造业,csi300-2022-05,14,0.26453638498439813,0.0202553085884594,0.08779056938405358,-0.0012494204446413006,-0.027803717004846983
CN-csi300-300223-20220527-20220610-add-01,CN,300223,2022-05-27,2022-06-10,计算机、通信和其他电子设备制造业,csi300-2022-05,14,0.16413214081152344,0.021776507485310504,-0.0835568435331065,-0.020037751431714802,-0.022258927650072098
CN-csi300-300251-20251128-20251212-add-01,CN,300251,2025-11-28,2025-12-12,广播、电视、电影和录音制作业,csi300-2025-11,14,,,,,
CN-csi300-300308-20231124-20231208-add-01,CN,300308,2023-11-24,2023-12-08,计算机、通信和其他电子设备制造业,csi300-2023-11,14,0.08561934219373107,0.015912288805605797,0.19987116674706779,0.179161315930774,-0.1487274367024356
CN-csi300-300316-20211126-20211210-add-01,CN,300316,2021-11-26,2021-12-10,专用设备制造业,csi300-2021-11,14,-0.1106944091372026,0.0519431893244987,-0.0030395605042328865,0.04216802729716371,-0.2261175187793947
CN-csi300-300394-20241129-20241213-add-01,CN,300394,2024-11-29,2024-12-13,计算机、通信和其他电子设备制造业,csi300-2024-11,14,,,,,
CN-csi300-300418-20240531-20240614-add-01,CN,300418,2024-05-31,2024-06-14,互联网和相关服务,csi300-2024-05,14,-0.14944510009991263,0.0051669454836222005,-0.0678132641973731,-0.0228564650549891,-0.09701668100729932
CN-csi300-300442-20240531-20240614-add-01,CN,300442,2024-05-31,2024-06-14,软件和信息技术服务业,csi300-2024-05,14,-0.19730094042696497,0.0671682781897707,-0.005446253222181195,-0.034078729803402694,-0.14866712536018262
CN-csi300-300454-20220527-20220610-add-01,CN,300454,2022-05-27,2022-06-10,软件和信息技术服务业,csi300-2022-05,14,-0.08844302452964811,0.07575626970750049,0.08975979740759152,-0.0009874913321656978,-0.08496771371202431
CN-csi300-300476-20251128-20251212-add-01,CN,300476,2025-11-28,2025-12-12,计算机、通信和其他电子设备制造业,csi300-2025-11,14,,,,,
CN-csi300-300496-20220527-20220610-add-01,CN,300496,2022-05-27,2022-06-10,软件和信息技术服务业,csi300-2022-05,14,0.2228782816905943,0.0334550414971447,0.084891154570819,0.0670138970130839,-0.022199450941463895
CN-csi300-300502-20241129-20241213-add-01,CN,300502,2024-11-29,2024-12-13,计算机、通信和其他电子设备制造业,csi300-2024-11,14,,,,,
CN-csi300-300601-20200601-20200615-add-01,CN,300601,2020-06-01,2020-06-15,医药制造业,csi300-2020-06,14,0.0,-0.0434910034400679,0.12484293281736683,-0.0434910034400679,0.12860319059462808
CN-csi300-300628-20200601-20200615-add-01,CN,300628,2020-06-01,2020-06-15,计算机、通信和其他电子设备制造业,csi300-2020-06,14,0.0,0.012694091818963499,-0.019099993554120703,0.012694091818963499,0.0158560276000479
CN-csi300-300661-20220527-20220610-add-01,CN,300661,2022-05-27,2022-06-10,计算机、通信和其他电子设备制造业,csi300-2022-05,14,-0.000982447685518608,0.017777059983942897,-0.17303510118410098,-0.1162245510476847,0.043915151324456
CN-csi300-300750-20211126-20211210-add-01,CN,300750,2021-11-26,2021-12-10,电气机械和器材制造业,csi300-2021-11,14,0.07418200914732691,0.045281335816867,-0.0751769812091948,0.012735508369279903,-0.1464058962099456
CN-csi300-300751-20220527-20220610-add-01,CN,300751,2022-05-27,2022-06-10,专用设备制造业,csi300-2022-05,14,0.12786414861923082,-0.0233479032637007,0.0322254336996095,-0.0310042215630774,0.1795036851118764
CN-csi300-300759-20211126-20211210-add-01,CN,300759,2021-11-26,2021-12-10,研究和试验发展,csi300-2021-11,14,0.014251454848172503,0.026985123368418504,-0.1684000452462694,-0.0331941622544677,-0.24925524183413242
CN-csi300-300760-20211126-20211210-add-01,CN,300760,2021-11-26,2021-12-10,专用设备制造业,csi300-2021-11,14,-0.0010776931586582803,0.016926595808089098,-0.0373769880881039,0.0173523118554704,-0.0616884473178312
CN-csi300-300763-20220527-20220610-add-01,CN,300763,2022-05-27,2022-06-10,电气机械和器材制造业,csi300-2022-05,14,0.3061452927391745,0.0206203058061581,-0.1286196361693555,-0.022168977973111,0.2666544433259343
CN-csi300-300782-20211126-20211210-add-01,CN,300782,2021-11-26,2021-12-10,计算机、通信和其他电子设备制造业,csi300-2021-11,14,0.2239851010307441,0.12416082843924608,-0.08038120393189979,-0.0155871609722377,-0.0937817258418014
CN-csi300-300803-20251128-20251212-add-01,CN,300803,2025-11-28,2025-12-12,其他金融业,csi300-2025-11,14,,,,,
CN-csi300-300832-20240531-20240614-add-01,CN,300832,2024-05-31,2024-06-14,医药制造业,csi300-2024-05,14,0.07437694275658341,0.032881130677619705,-0.09206056263536432,-0.0511867232252435,-0.14554906849926108
CN-csi300-300866-20211126-20211210-add-01,CN,300866,2021-11-26,2021-12-10,计算机、通信和其他电子设备制造业,csi300-2021-11,14,0.25136428291350904,-0.1103286030642183,-0.048244390867053115,0.0317541215995186,-0.0877639524281435
CN-csi300-300866-20251128-20251212-add-02,CN,300866,2025-11-28,2025-12-12,计算机、通信和其他电子设备制造业,csi300-2025-11,14,0.02520629382566071,0.0317503344875154,-0.0076894758670150954,0.0208139043494415,-0.10384296532899188
CN-csi300-300888-20211126-20211210-add-01,CN,300888,2021-11-26,2021-12-10,纺织业,csi300-2021-11,14,0.14168850996715082,0.027836780066117298,-0.0974121212873532,-0.011042568349670198,0.135120124120543
CN-csi300-300896-20211126-20211210-add-01,CN,300896,2021-11-26,2021-12-10,专用设备制造业,csi300-2021-11,14,-0.05284351835290759,-0.017964334075428297,0.0191171208928419,0.06222794158833889,-0.18038484627212437
CN-csi300-300919-20220527-20220610-add-01,CN,300919,2022-05-27,2022-06-10,计算机、通信和其他电子设备制造业,csi300-2022-05,14,0.22917975588290515,0.0600635421218717,0.0928092668459593,0.0946200982685341,0.03879591199534839
CN-csi300-300957-20220527-20220610-add-01,CN,300957,2022-05-27,2022-06-10,化学原料和化学制品制造业,csi300-2022-05,14,-0.08348633151051109,0.0479523636682571,0.0758021748499116,-0.0030185323596657997,-0.009542084229263004
CN-csi300-300979-20220527-20220610-add-01,CN,300979,2022-05-27,2022-06-10,皮革、毛皮、羽毛及其制品和制鞋业,csi300-2022-05,14,0.09536068924838649,-0.019619339531703,-0.052380594065644694,-0.037195661426589796,-0.0980489944097272
CN-csi300-300999-20211126-20211210-add-01,CN,300999,2021-11-26,2021-12-10,农副食品加工业,csi300-2021-11,14,0.04207947248343822,0.0107172625176213,-0.0178172427405236,-0.0036689212673557004,0.06284838735565369
CN-csi300-301236-20250530-20250613-add-01,CN,301236,2025-05-30,2025-06-13,软件和信息技术服务业,csi300-2025-05,14,-0.0504115952852362,0.0298275847325086,-0.017185808858844798,0.0174097238543871,-0.04457917633549141
CN-csi300-301269-20231124-20231208-add-01,CN,301269,2023-11-24,2023-12-08,软件和信息技术服务业,csi300-2023-11,14,-0.017933583839175905,0.0313565762011289,0.06280917651240729,0.0172029785958106,-0.0271851518834991
CN-csi300-302132-20250530-20250613-add-01,CN,302132,2025-05-30,2025-06-13,计算机、通信和其他电子设备制造业,csi300-2025-05,14,0.2726629591217323,-0.007878039877132998,0.11885997048154388,0.10581183758813059,-0.0658310323030795
CN-csi300-600023-20231124-20231208-add-02,CN,600023,2023-11-24,2023-12-08,电力、热力生产和供应业,csi300-2023-11,14,0.011648283926631501,0.0224372617579552,0.07371346586654999,0.015566535700803796,0.0850857698889421
CN-csi300-600026-20240531-20240614-add-01,CN,600026,2024-05-31,2024-06-14,水上运输业,csi300-2024-05,14,0.1479603069973082,-0.0257987851329624,-0.03824749437864421,-0.0724955590911683,-0.0898266091013818
CN-csi300-600027-20240531-20240614-add-01,CN,600027,2024-05-31,2024-06-14,电力、热力生产和供应业,csi300-2024-05,14,0.0010286939780765995,-0.011643978041827801,0.035974405749376895,-0.0722574749343009,-0.076389653741585
CN-csi300-600066-20241129-20241213-add-01,CN,600066,2024-11-29,2024-12-13,汽车制造业,csi300-2024-11,14,,,,,
CN-csi300-600089-20220527-20220610-add-01,CN,600089,2022-05-27,2022-06-10,电气机械和器材制造业,csi300-2022-05,14,0.1076864824441243,-0.0184115568660302,0.17241349728514346,0.150041682311836,0.01283789576432582
CN-csi300-600160-20241129-20241213-add-01,CN,600160,2024-11-29,2024-12-13,化学原料和化学制品制造业,csi300-2024-11,14,,,,,
CN-csi300-600161-20240531-20240614-add-01,CN,600161,2024-05-31,2024-06-14,医药制造业,csi300-2024-05,14,0.010890760372180196,0.07251441643084319,0.02764725550683849,-0.014977102372148403,-0.0711995182091834
CN-csi300-600188-20220527-20220610-add-01,CN,600188,2022-05-27,2022-06-10,煤炭开采和洗选业,csi300-2022-05,14,0.158115132759995,0.011926290202713598,-0.03244037332852129,-0.005128084444545399,-0.15154919392904542
CN-csi300-600219-20220527-20220610-add-01,CN,600219,2022-05-27,2022-06-10,有色金属冶炼和压延加工业,csi300-2022-05,14,0.0439369445458408,0.018050956770964903,-0.0183830551182088,0.0043704871843272,-0.0756002173659273
CN-csi300-600372-20231124-20231208-add-01,CN,600372,2023-11-24,2023-12-08,铁路、船舶、航空航天和其他运输设备制造业,csi300-2023-11,14,-0.006366430193758498,-0.0056732072925054,0.0194957683922726,0.011334557208407599,-0.015273317397158802
CN-csi300-600377-20241129-20241213-add-01,CN,600377,2024-11-29,2024-12-13,道路运输业,csi300-2024-11,14,,,,,
CN-csi300-600415-20240531-20240614-add-01,CN,600415,2024-05-31,2024-06-14,商务服务业,csi300-2024-05,14,-0.07393585597931401,0.041548624515479096,-0.019645556068892997,-0.0501803440378484,-0.0195979234126063
CN-csi300-600460-20220527-20220610-add-01,CN,600460,2022-05-27,2022-06-10,计算机、通信和其他电子设备制造业,csi300-2022-05,14,0.08283376129031819,-0.0185775010831917,-0.004307056065499498,-0.0261749912381405,0.0606634917219169
CN-csi300-600482-20241129-20241213-add-02,CN,600482,2024-11-29,2024-12-13,铁路、船舶、航空航天和其他运输设备制造业,csi300-2024-11,14,-0.043989088147532704,0.018117924435422803,0.0771666810385222,0.1019587982985805,-0.0488240124129006
CN-csi300-600489-20231124-20231208-add-01,CN,600489,2023-11-24,2023-12-08,有色金属矿采选业,csi300-2023-11,14,-0.08721888087008853,0.030882986562295302,-0.009551061620797503,-0.0369265256547707,-0.012956129410221506
CN-csi300-600515-20231124-20231208-add-01,CN,600515,2023-11-24,2023-12-08,房地产业,csi300-2023-11,14,0.010719968555241603,0.0564370520221249,0.009158553755407308,-0.027722177568915804,-0.09283368505005281
CN-csi300-600522-20251128-20251212-add-02,CN,600522,2025-11-28,2025-12-12,电气机械和器材制造业,csi300-2025-11,14,-0.027133557606339703,0.0463849691967837,0.0581848666088506,0.030067692573596698,-0.0154587338425542
CN-csi300-600745-20200601-20200615-add-01,CN,600745,2020-06-01,2020-06-15,计算机、通信和其他电子设备制造业,csi300-2020-06,14,0.0,-0.0586593884551327,0.042328426992250215,-0.0586593884551327,0.0493503029274452
CN-csi300-600905-20211126-20211210-add-01,CN,600905,2021-11-26,2021-12-10,电力、热力生产和供应业,csi300-2021-11,14,-0.07519687019989131,0.004493631247747199,0.07519493343911751,0.0484358152996327,0.017985492799104993
CN-csi300-600930-20251128-20251212-add-01,CN,600930,2025-11-28,2025-12-12,电力、热力生产和供应业,csi300-2025-11,14,,,,,
CN-csi300-600938-20231124-20231208-add-01,CN,600938,2023-11-24,2023-12-08,石油和天然气开采业,csi300-2023-11,14,-0.0546708000715571,0.0155646030626366,0.05335125393723069,0.005165609341547701,0.1137004960349396
CN-csi300-600941-20220527-20220610-add-01,CN,600941,2022-05-27,2022-06-10,电信、广播电视和卫星传输服务,csi300-2022-05,14,-0.021774645057742112,-0.0186029983096678,-0.07422077839820919,-0.0017532945929186004,-0.144625945042344
CN-csi300-601018-20251128-20251212-add-01,CN,601018,2025-11-28,2025-12-12,水上运输业,csi300-2025-11,14,,,,,
CN-csi300-601059-20231124-20231208-add-01,CN,601059,2023-11-24,2023-12-08,资本市场服务,csi300-2023-11,14,0.10076255351882481,-0.0083582739431345,0.17239139992485938,0.0857689922829019,-0.20270098141044088
CN-csi300-601077-20200601-20200615-add-01,CN,601077,2020-06-01,2020-06-15,货币金融服务,csi300-2020-06,14,0.0,0.036515176815425196,-0.0354911973672366,0.036515176815425196,-0.0323591074067252
CN-csi300-601077-20250530-20250613-add-03,CN,601077,2025-05-30,2025-06-13,货币金融服务,csi300-2025-05,14,0.01772091968428139,0.0733918510576222,-0.0632940261142314,-0.0187739601441445,-0.010280550156171494
CN-csi300-601100-20200601-20200615-add-01,CN,601100,2020-06-01,2020-06-15,通用设备制造业,csi300-2020-06,14,0.0,-0.0498631612106851,0.0681685909106822,-0.0498631612106851,0.023448617289313
CN-csi300-601117-20220527-20220610-add-01,CN,601117,2022-05-27,2022-06-10,土木工程建筑业,csi300-2022-05,14,0.06560834818173619,0.0367346492307997,0.0267195617675305,0.0075696933288086,-0.032265429673412505
CN-csi300-601127-20241129-20241213-add-01,CN,601127,2024-11-29,2024-12-13,汽车制造业,csi300-2024-11,14,,,,,
CN-csi300-601136-20241129-20241213-add-01,CN,601136,2024-11-29,2024-12-13,资本市场服务,csi300-2024-11,14,,,,,
CN-csi300-601231-20200601-20200615-add-01,CN,601231,2020-06-01,2020-06-15,计算机、通信和其他电子设备制造业,csi300-2020-06,14,0.0,0.0037672625173176995,0.027564765782089995,0.0037672625173176995,0.021661856871233804
CN-csi300-601456-20251128-20251212-add-01,CN,601456,2025-11-28,2025-12-12,资本市场服务,csi300-2025-11,14,,,,,
CN-csi300-601658-20200601-20200615-add-01,CN,601658,2020-06-01,2020-06-15,货币金融服务,csi300-2020-06,14,0.0,0.0264593807471721,-0.015427146734918898,0.0264593807471721,-0.04222430036123361
CN-csi300-601728-20211126-20211210-add-01,CN,601728,2021-11-26,2021-12-10,电信、广播电视和卫星传输服务,csi300-2021-11,14,-0.0349201708451201,0.0109892752538813,-0.015163974469036801,-0.0036488586551537,0.0299619218696858
CN-csi300-601816-20200601-20200615-add-01,CN,601816,2020-06-01,2020-06-15,铁路运输业,csi300-2020-06,14,0.0,0.051001070324929496,-0.0121500491960327,0.051001070324929496,0.0450670710250565
CN-csi300-601825-20220527-20220610-add-01,CN,601825,2022-05-27,2022-06-10,货币金融服务,csi300-2022-05,14,0.011021349538470017,0.013712873323664599,-0.0369539292702582,-0.003680555412152898,-0.042716077428078494
CN-csi300-601825-20250530-20250613-add-02,CN,601825,2025-05-30,2025-06-13,货币金融服务,csi300-2025-05,14,-0.018054201217837903,0.10107688582547811,0.010377604930107504,-0.0019878812267691004,-0.023970787938193197
CN-csi300-601865-20211126-20211210-add-01,CN,601865,2021-11-26,2021-12-10,非金属矿物制品业,csi300-2021-11,14,-0.14701364111225637,0.0035700682648581,0.06133685552533459,0.045160754324964796,0.032333213015779086
CN-csi300-601868-20211126-20211210-add-01,CN,601868,2021-11-26,2021-12-10,土木工程建筑业,csi300-2021-11,14,-0.130212876331413,0.12191496749968,0.12396225763962708,-0.0387896699361634,0.10828806086259761
CN-csi300-601898-20211126-20211210-add-01,CN,601898,2021-11-26,2021-12-10,煤炭开采和洗选业,csi300-2021-11,14,-0.1561122519514614,-0.025324242135738997,0.006575856511809095,-0.034191125326876404,0.08436121110187371
CN-csi300-601916-20200601-20200615-add-01,CN,601916,2020-06-01,2020-06-15,货币金融服务,csi300-2020-06,14,0.0,0.025144663820637302,-0.039476005777639295,0.025144663820637302,-0.037063438665994805
CN-csi300-601916-20231124-20231208-add-02,CN,601916,2023-11-24,2023-12-08,货币金融服务,csi300-2023-11,14,-0.009589825343196197,0.0210500022196498,0.033538668109643295,-0.001586072953375199,0.0508826102014906
CN-csi300-601966-20211126-20211210-add-01,CN,601966,2021-11-26,2021-12-10,橡胶和塑料制品业,csi300-2021-11,14,0.052231906762712416,0.0432606142437226,-0.051049151773637697,-0.0582606512022296,-0.09195639004974361
CN-csi300-603185-20220527-20220610-add-01,CN,603185,2022-05-27,2022-06-10,电气机械和器材制造业,csi300-2022-05,14,0.25656746491355303,0.0346030344270169,0.2124845361904404,0.07698596576414149,0.1950462250497305
CN-csi300-603260-20211126-20211210-add-01,CN,603260,2021-11-26,2021-12-10,化学原料和化学制品制造业,csi300-2021-11,14,-0.1436060247185626,-0.0005945319231377994,-0.1312898207822741,0.0245490792242549,-0.1519144952422368
CN-csi300-603290-20220527-20220610-add-01,CN,603290,2022-05-27,2022-06-10,计算机、通信和其他电子设备制造业,csi300-2022-05,14,0.19710351949544164,-0.0022163431046231,-0.13643437765903066,-0.1108097735001196,0.10697106119404659
CN-csi300-603296-20240531-20240614-add-01,CN,603296,2024-05-31,2024-06-14,计算机、通信和其他电子设备制造业,csi300-2024-05,14,0.13511299797724757,0.0592455273886172,-0.0029283558217247964,-0.005864627456614594,0.023291841249663908
CN-csi300-603369-20200601-20200615-add-01,CN,603369,2020-06-01,2020-06-15,酒、饮料和精制茶制造业,csi300-2020-06,14,0.0,-0.037163922525817905,0.1403807502554088,-0.037163922525817905,0.1355107000577232
CN-csi300-603486-20211126-20211210-add-01,CN,603486,2021-11-26,2021-12-10,计算机、通信和其他电子设备制造业,csi300-2021-11,14,-0.004986350254960088,-0.005315523793699001,-0.06280159368965489,-0.057382531187162494,-0.0092373957752768
CN-csi300-603658-20200601-20200615-add-01,CN,603658,2020-06-01,2020-06-15,医药制造业,csi300-2020-06,14,0.0,-0.015545620311055,0.035812176894040496,-0.015545620311055,0.1539064267806132
CN-csi300-603893-20251128-20251212-add-01,CN,603893,2025-11-28,2025-12-12,计算机、通信和其他电子设备制造业,csi300-2025-11,14,,,,,
CN-csi300-605499-20211126-20211210-add-01,CN,605499,2021-11-26,2021-12-10,酒、饮料和精制茶制造业,csi300-2021-11,14,0.0476163619095744,0.012663396397464204,-0.05000678444898959,0.0093140946301811,-0.0618395746726695
CN-csi300-688005-20220527-20220610-add-01,CN,688005,2022-05-27,2022-06-10,计算机、通信和其他电子设备制造业,csi300-2022-05,14,-0.005230386003437289,-0.025741012957412303,0.17654526365992268,0.0352339346540541,0.2615536497870054
CN-csi300-688009-20240531-20240614-add-02,CN,688009,2024-05-31,2024-06-14,铁路、船舶、航空航天和其他运输设备制造业,csi300-2024-05,14,0.010774009689648196,0.0744221042578242,0.005080070734025508,-0.062444636000140996,0.1240170571215811
CN-csi300-688041-20231124-20231208-add-01,CN,688041,2023-11-24,2023-12-08,计算机、通信和其他电子设备制造业,csi300-2023-11,14,0.0,0.0,0.0,0.0,0.0
CN-csi300-688047-20250530-20250613-add-01,CN,688047,2025-05-30,2025-06-13,计算机、通信和其他电子设备制造业,csi300-2025-05,14,-0.0882129813193774,0.0662644040551406,-0.08649374114311251,-0.0140755364380552,0.07375856054670189
CN-csi300-688065-20220527-20220610-add-01,CN,688065,2022-05-27,2022-06-10,化学纤维制造业,csi300-2022-05,14,0.010871699400651701,-0.0381485358885328,0.1359549160795287,0.0672774901043405,0.022670785922622692
CN-csi300-688082-20240531-20240614-add-01,CN,688082,2024-05-31,2024-06-14,专用设备制造业,csi300-2024-05,14,-0.0934859965885911,0.059073881295230495,0.1071411364085445,0.023333339595327997,0.06083523211221959
CN-csi300-688169-20241129-20241213-add-01,CN,688169,2024-11-29,2024-12-13,计算机、通信和其他电子设备制造业,csi300-2024-11,14,,,,,
CN-csi300-688256-20231124-20231208-add-01,CN,688256,2023-11-24,2023-12-08,软件和信息技术服务业,csi300-2023-11,14,0.32233692218579135,-0.0476275915665986,0.08110336960230528,0.0730486997091961,-0.2795072247181473
CN-csi300-688271-20231124-20231208-add-01,CN,688271,2023-11-24,2023-12-08,专用设备制造业,csi300-2023-11,14,0.09064981033381081,0.0075590063664750995,0.1306674129633527,-0.0231619000364791,-0.022342072234664185
CN-csi300-688472-20241129-20241213-add-01,CN,688472,2024-11-29,2024-12-13,电气机械和器材制造业,csi300-2024-11,14,,,,,
CN-csi300-688506-20241129-20241213-add-01,CN,688506,2024-11-29,2024-12-13,医药制造业,csi300-2024-11,14,,,,,
CN-csi300-688561-20211126-20211210-add-01,CN,688561,2021-11-26,2021-12-10,软件和信息技术服务业,csi300-2021-11,14,0.056332014903117705,0.0403286797367321,0.019065693263281794,0.0319029077976905,-0.09227491115344649
CN-csi300-688599-20211126-20211210-add-01,CN,688599,2021-11-26,2021-12-10,电气机械和器材制造业,csi300-2021-11,14,-0.02593493543686158,0.012785975242773199,0.0957122892121606,0.10996293292655601,-0.20693592763411547
CN-csi300-688981-20211126-20211210-add-01,CN,688981,2021-11-26,2021-12-10,计算机、通信和其他电子设备制造业,csi300-2021-11,14,0.009889074194987503,0.003883327637921901,-0.0330253603317173,0.014964736927765,-0.009306239310295405
US-s-p500-aal-20150316-20150323-add-01,US,AAL,2015-03-16,2015-03-23,,sp500-20150323,7,0.0,0.0,0.0,0.0,0.0
US-s-p500-aap-20150706-20150708-add-01,US,AAP,2015-07-06,2015-07-08,,sp500-20150708,2,0.04491308723523959,0.0035230872851164993,-0.004994276652994,0.0003360039032697,0.0555394672119078
US-s-p500-abbv-20121220-20130102-add-01,US,ABBV,2012-12-20,2013-01-02,Health Care,sp500-20130102,13,0.0,0.0,-0.0340528054744125,-0.0061723694551197,0.040364968894464
US-s-p500-abmd-20180525-20180531-add-01,US,ABMD,2018-05-25,2018-05-31,,sp500-20180531,6,0.0,0.0,0.0,0.0,0.0
US-s-p500-abnb-20230914-20230918-add-01,US,ABNB,2023-09-14,2023-09-18,Consumer Discretionary,sp500-20230918,4,0.10658512369168181,-0.030010790782772596,-0.004881842677103201,-0.0022281634298158,-0.1043820212750976
US-s-p500-acgl-20221027-20221101-add-01,US,ACGL,2022-10-27,2022-11-01,Financials,sp500-20221101,5,0.06563779539921279,0.1360831430949919,0.029267932439221104,0.029267932439221104,-0.019505283303948198
US-s-p500-acn-20110627-20110705-add-01,US,ACN,2011-06-27,2011-07-05,Information Technology,sp500-20110705,8,0.04493246132324629,0.059168663815624,0.0190917348972435,0.013497923218101998,-0.0018127123402605083
US-s-p500-ads-20131211-20131223-add-01,US,ADS,2013-12-11,2013-12-23,,sp500-20131223,12,0.0,0.0,0.0,0.0,0.0
US-s-p500-adt-20121001-20121001-add-01,US,ADT,2012-10-01,2012-10-01,,sp500-20121001,0,0.0,0.0,0.0,0.0,0.0
US-s-p500-ajg-20160524-20160531-add-01,US,AJG,2016-05-24,2016-05-31,Financials,sp500-20160531,7,0.0784436699338691,-0.0109955038419127,0.0031871036993827997,0.0011952770308001999,-0.0244625647368456
US-s-p500-alb-20160623-20160701-add-01,US,ALB,2016-06-23,2016-07-01,Materials,sp500-20160701,8,0.0886796535484688,-0.0306368947534457,-0.011419445604623903,0.0016169801382011004,0.011475383356761794
US-s-p500-algn-20170609-20170619-add-01,US,ALGN,2017-06-09,2017-06-19,Health Care,sp500-20170619,10,0.08938586188007629,-0.0365300042945707,0.041509085831641104,0.019138700692546702,0.051564785487812806
US-s-p500-alk-20160510-20160513-add-01,US,ALK,2016-05-10,2016-05-13,,sp500-20160513,3,-0.13729502870024732,-0.0166921555937374,-0.0298600625058844,-0.0199008388194168,-0.031050603034475297
US-s-p500-alle-20131122-20131202-add-01,US,ALLE,2013-11-22,2013-12-02,Industrials,sp500-20131202,10,-0.1021004694418407,-0.0222012078762541,-0.0827788239218819,-0.0011784322945295,0.0015507156955431927
US-s-p500-alxn-20120521-20120521-add-01,US,ALXN,2012-05-21,2012-05-21,,sp500-20120521,0,0.0,0.0,0.0,0.0,0.0
US-s-p500-amcr-20190610-20190611-add-01,US,AMCR,2019-06-10,2019-06-11,Materials,sp500-20190611,1,-0.048135164672570306,-0.0121171993417483,0.0056153203024558,0.0039958184236022,-0.059529076010056386
US-s-p500-amd-20170310-20170320-add-02,US,AMD,2017-03-10,2017-03-20,Information Technology,sp500-20170320,10,-0.034964986666743705,0.0739959346328072,-0.019454602159289597,0.031190172519603702,-0.05782449351647002
US-s-p500-ame-20130911-20130920-add-01,US,AME,2013-09-11,2013-09-20,Industrials,sp500-20130920,9,-0.0280011237185527,0.032042181692174904,-0.0008846656000036984,0.0192392062897379,-0.0233623750823307
US-s-p500-amg-20140624-20140701-add-01,US,AMG,2014-06-24,2014-07-01,,sp500-20140701,7,0.03795911147654609,0.004727853993151201,0.001336657743448901,0.0094099590994988,0.0013177700649805984
US-s-p500-amtm-20240924-20240930-add-01,US,AMTM,2024-09-24,2024-09-30,,sp500-20240930,6,0.0,-0.0493078536510225,-0.027886343861676016,0.011509466538238589,0.1685225431769288
US-s-p500-anet-20180823-20180828-add-01,US,ANET,2018-08-23,2018-08-28,Information Technology,sp500-20180828,5,0.0116266595243414,0.1270560683359587,-0.0344663913359147,-0.0344663913359147,-0.128760255810172
US-s-p500-anr-20110601-20110601-add-01,US,ANR,2011-06-01,2011-06-01,,sp500-20110601,0,0.0,0.0,0.0,0.0,0.0
US-s-p500-anss-20170609-20170619-add-01,US,ANSS,2017-06-09,2017-06-19,,sp500-20170619,10,0.0,0.0,0.0,0.0,0.0
US-s-p500-aos-20170719-20170726-add-01,US,AOS,2017-07-19,2017-07-26,Industrials,sp500-20170726,7,-0.006330032573078799,-0.0221172399017691,-0.0478634963960459,-0.0247939895653459,0.018622011717916397
US-s-p500-apo-20241206-20241223-add-01,US,APO,2024-12-06,2024-12-23,Financials,sp500-20241223,17,0.05251101113016168,-0.006944348172623599,-0.0127162562661317,0.0013236192734221996,-0.023210829116327988
US-s-p500-app-20250905-20250922-add-01,US,APP,2025-09-05,2025-09-22,Information Technology,sp500-20250922,17,0.23736746939353612,0.1150082311444044,0.244058137788729,0.043929709695528,-0.1302732979707028
US-s-p500-are-20170310-20170320-add-01,US,ARE,2017-03-10,2017-03-20,Real Estate,sp500-20170320,10,-0.037014983242984204,-0.0620709749959508,0.0389901956467928,0.0232901187517335,0.0496271750313098
US-s-p500-ares-20251210-20251211-add-01,US,ARES,2025-12-10,2025-12-11,Financials,sp500-20251211,1,0.1421139709966136,0.0686328299215731,-0.0068066866260446,-0.011739812903050099,-0.008973080108606486
US-s-p500-arnc-20161101-20161101-add-01,US,ARNC,2016-11-01,2016-11-01,,sp500-20161101,0,0.0,0.0,0.0,0.0,0.0
US-s-p500-ato-20190208-20190215-add-01,US,ATO,2019-02-08,2019-02-15,Utilities,sp500-20190215,7,0.022285643783662,0.018326980982220503,-0.020832437806681103,-0.0023131257620586,0.033628755695825095
US-s-p500-atvi-20150827-20150828-add-01,US,ATVI,2015-08-27,2015-08-28,,sp500-20150828,1,0.0,0.0,0.0,0.0,0.0
US-s-p500-avgo-20140505-20140508-add-01,US,AVGO,2014-05-05,2014-05-08,Information Technology,sp500-20140508,3,0.014851006865294288,0.0685332987543049,-0.0134867180449153,-0.004516492903044901,0.024575091906689203
US-s-p500-awk-20160301-20160304-add-01,US,AWK,2016-03-01,2016-03-04,Utilities,sp500-20160304,3,0.009116267025261297,0.0407037298847195,-0.0160062304113183,-0.028447910111383,0.0023813135788814986
US-s-p500-axon-20230501-20230504-add-01,US,AXON,2023-05-01,2023-05-04,Industrials,sp500-20230504,3,-0.060047545463314506,0.02590760241055,0.009995324674369,-0.0056224322796806,-0.147933141334474
US-s-p500-ayi-20160426-20160503-add-01,US,AYI,2016-04-26,2016-05-03,,sp500-20160503,7,0.14530043802134882,-0.0068363731469099995,-0.028502552057020795,-0.00014826474355160088,0.0298232750388685
US-s-p500-bg-20230313-20230315-add-01,US,BG,2023-03-13,2023-03-15,Consumer Staples,sp500-20230315,2,0.025205565001364803,0.1068757748833214,-0.0678612945733134,0.0421411201813882,-0.0789166672453189
US-s-p500-bhf-20170731-20170808-add-01,US,BHF,2017-07-31,2017-08-08,,sp500-20170808,8,-0.0449077298568443,-0.026207601550257996,-0.1498010170793105,-0.12426534385552838,-0.05730063667589531
US-s-p500-bio-20200612-20200622-add-01,US,BIO,2020-06-12,2020-06-22,,sp500-20200622,10,-0.0970113600545293,0.0076396219402805,-0.042434057095163104,-0.010335786281121199,0.1022004051870375
US-s-p500-bkr-20170630-20170707-add-01,US,BKR,2017-06-30,2017-07-07,Energy,sp500-20170707,7,-0.0311536546428875,0.0817819607459562,-0.06839375135622801,0.0019752931322892,-0.07210387346264399
US-s-p500-bldr-20231201-20231218-add-01,US,BLDR,2023-12-01,2023-12-18,Industrials,sp500-20231218,17,0.0649301344647723,0.011143584766120597,0.17171724561131196,-0.0313509647559996,0.005201110172568394
US-s-p500-blk-20110329-20110401-add-01,US,BLK,2011-03-29,2011-04-01,Financials,sp500-20110401,3,-0.062159938805359305,0.045904686402937496,0.0127424911803471,0.0073850672053929,-0.048050366570330606
US-s-p500-bms-20190603-20190607-add-02,US,BMS,2019-06-03,2019-06-07,,sp500-20190607,4,0.0568192734558504,0.0102184437227265,-0.033615771664234295,-0.007545165467942299,0.0
US-s-p500-br-20180608-20180618-add-01,US,BR,2018-06-08,2018-06-18,Industrials,sp500-20180618,10,0.0164733839418613,-0.0227855057535416,0.010501220800875996,0.0183364462274675,0.0013480346020150005
US-s-p500-bro-20210903-20210920-add-01,US,BRO,2021-09-03,2021-09-20,Financials,sp500-20210920,17,0.05806216352654311,-0.0046605991326921,-0.002560672874241502,0.0124641199454538,0.09413239820441571
US-s-p500-bwa-20111216-20111216-add-01,US,BWA,2011-12-16,2011-12-16,,sp500-20111216,0,-0.020286343565433514,0.0088475537805782,-0.0100217795603924,0.0088475537805782,0.1125941331813618
US-s-p500-bx-20230914-20230918-add-01,US,BX,2023-09-14,2023-09-18,Financials,sp500-20230918,4,0.14103156845688858,0.0135815653404782,0.0130843731851945,0.0348262828223231,-0.0783723640954498
US-s-p500-bxlt-20150619-20150701-add-01,US,BXLT,2015-06-19,2015-07-01,,sp500-20150701,12,0.0,0.0,0.0,0.0,0.0
US-s-p500-carr-20200331-20200403-add-01,US,CARR,2020-03-31,2020-04-03,Industrials,sp500-20200403,3,0.21931305154985642,0.07679231264724153,-0.1404376547987582,-0.009005833771167482,0.006342340376541494
US-s-p500-cb-20100708-20100714-add-01,US,CB,2010-07-08,2010-07-14,Financials,sp500-20100714,6,0.05081088406991449,0.025963741465064697,-0.0112806054754105,-0.0165815652292348,-0.03540134732890691
US-s-p500-cbe-20111118-20111118-add-01,US,CBE,2011-11-18,2011-11-18,,sp500-20111118,0,,,,,
US-s-p500-cboe-20170223-20170301-add-01,US,CBOE,2017-02-23,2017-03-01,Financials,sp500-20170301,6,0.0133200659846454,-0.0112839754180457,-0.0210237088183611,-0.0107210467739044,0.021018656860579202
US-s-p500-cci-20120312-20120313-add-01,US,CCI,2012-03-12,2012-03-13,Real Estate,sp500-20120313,1,0.08576087374765701,-0.017182382335663403,-0.0273331597363854,-0.0537239378021511,0.0459955395267409
US-s-p500-cday-20210903-20210920-add-01,US,CDAY,2021-09-03,2021-09-20,,sp500-20210920,17,0.0,0.0,0.0,0.0,0.0
US-s-p500-cdns-20170824-20170918-add-01,US,CDNS,2017-08-24,2017-09-18,Information Technology,sp500-20170918,25,0.0185454027341879,0.0025501670595295995,0.015869980523342903,0.016519993274009003,0.0584663406572918
US-s-p500-cdw-20190917-20190923-add-01,US,CDW,2019-09-17,2019-09-23,Information Technology,sp500-20190923,6,-0.020253592866926805,0.0766591357397272,-0.0007966148568131996,-0.0125726324405494,0.03157774997193491
US-s-p500-ce-20181224-20181224-add-01,US,CE,2018-12-24,2018-12-24,,sp500-20181224,0,-0.0645004220402922,-0.0118954893850672,0.0132132415447537,-0.0118954893850672,0.0204243888557421
US-s-p500-ceg-20220126-20220202-add-02,US,CEG,2022-01-26,2022-02-02,Utilities,sp500-20220202,7,0.0408170694329476,0.0882997908061196,0.1267205579471084,0.1215818038648522,-0.04059471865215572
US-s-p500-cern-20100429-20100429-add-01,US,CERN,2010-04-29,2010-04-29,,sp500-20100429,0,0.0,0.0,0.0,0.0,0.0
US-s-p500-cfg-20160126-20160201-add-01,US,CFG,2016-01-26,2016-02-01,Financials,sp500-20160201,6,-0.19535066480800453,0.03532266163165809,-0.0534978961482484,-0.0729579297388164,-0.0301973884884469
US-s-p500-chd-20151222-20151229-add-01,US,CHD,2015-12-22,2015-12-29,Consumer Staples,sp500-20151229,7,0.014233919055821496,0.013412195915041999,-0.012337110745575901,-0.0046874591640898,0.033183753308398296
US-s-p500-chtr-20160831-20160908-add-01,US,CHTR,2016-08-31,2016-09-08,Communication Services,sp500-20160908,8,0.0770436401631957,0.0688617852719865,0.007884414316790902,-0.0115507047869173,0.0006953908057900061
US-s-p500-cmcsk-20150918-20150918-add-01,US,CMCSK,2015-09-18,2015-09-18,,sp500-20150918,0,0.0,0.0,0.0,0.0,0.0
US-s-p500-cmg-20110427-20110427-add-01,US,CMG,2011-04-27,2011-04-27,Consumer Discretionary,sp500-20110427,0,0.0019958645530121083,-0.0443472837413022,0.0020285503727727,-0.0443472837413022,0.09839438585123969
US-s-p500-cnc-20160324-20160330-add-01,US,CNC,2016-03-24,2016-03-30,Health Care,sp500-20160330,6,0.041845799060065615,0.04006121221861039,-0.0270045468728783,-0.024246820340559,0.0480098857472371
US-s-p500-coin-20250512-20250519-add-01,US,COIN,2025-05-12,2025-05-19,Financials,sp500-20250519,7,0.0970006269865199,0.2055144445433062,0.015092761406915199,0.0669258823481052,-0.026527907690123087
US-s-p500-coo-20160910-20160922-add-01,US,COO,2016-09-10,2016-09-22,Health Care,sp500-20160922,12,0.0412023651393838,0.0198011957613861,-0.056115771785847895,-0.0410704583496663,0.003237428679341503
US-s-p500-coty-20160927-20160930-add-01,US,COTY,2016-09-27,2016-09-30,,sp500-20160930,3,-0.1421831954866656,0.0152299455534572,-0.0217450906798334,0.004085883812641,-0.0186925254773846
US-s-p500-cov-20110228-20110228-add-01,US,COV,2011-02-28,2011-02-28,,sp500-20110228,0,0.0,0.0,0.0,0.0,0.0
US-s-p500-cpgx-20150623-20150702-add-01,US,CPGX,2015-06-23,2015-07-02,,sp500-20150702,9,0.0,0.0,0.0,0.0,0.0
US-s-p500-cprt-20180625-20180702-add-01,US,CPRT,2018-06-25,2018-07-02,Industrials,sp500-20180702,7,0.11952896544178329,-0.0461563018954071,0.0226163240349834,0.0246878151432596,-0.0353845381198281
US-s-p500-cpt-20220329-20220404-add-01,US,CPT,2022-03-29,2022-04-04,Real Estate,sp500-20220404,6,-0.0232611865656966,0.0218870557800361,0.0193234365172993,0.0237758954006146,-0.025947726154955303
US-s-p500-crh-20251205-20251222-add-01,US,CRH,2025-12-05,2025-12-22,Materials,sp500-20251222,17,0.0375356675781107,0.04401945044335,-0.011777664484346502,-0.0239518103601351,-0.0472217402531793
US-s-p500-crl-20210510-20210514-add-01,US,CRL,2021-05-10,2021-05-14,Health Care,sp500-20210514,4,0.0882936845089817,-0.036732138208127305,0.0110241206616811,-0.005362947291453301,0.07603765253902141
US-s-p500-crwd-20240607-20240624-add-01,US,CRWD,2024-06-07,2024-06-24,Information Technology,sp500-20240624,17,0.06424895940392841,0.09203870064716041,0.002031613108512291,0.013012881247900898,-0.3597024445014333
US-s-p500-csgp-20220902-20220919-add-01,US,CSGP,2022-09-02,2022-09-19,Real Estate,sp500-20220919,17,0.005515700596313098,0.10462490107531369,-0.0150969911331579,-0.011448895115368802,0.0651769816539422
US-s-p500-csra-20151123-20151201-add-01,US,CSRA,2015-11-23,2015-12-01,,sp500-20151201,8,-0.007425161682531694,-0.0197481298925149,-0.058771510141160804,0.0600798346983476,-0.01814146937088849
US-s-p500-ctlt-20200904-20200921-add-01,US,CTLT,2020-09-04,2020-09-21,,sp500-20200921,17,0.0,0.0,0.0,0.0,0.0
US-s-p500-ctva-20190528-20190603-add-01,US,CTVA,2019-05-28,2019-06-03,Materials,sp500-20190603,6,0.0,-0.0020286558410284,-0.022173937891902598,-0.030601956574228303,0.016964061442533693
US-s-p500-cvc-20101209-20101217-add-01,US,CVC,2010-12-09,2010-12-17,,sp500-20101217,8,0.0,0.0,0.0,0.0,0.0
US-s-p500-cvna-20251205-20251222-add-01,US,CVNA,2025-12-05,2025-12-22,Consumer Discretionary,sp500-20251222,17,0.2664822263508463,0.1331081316309703,-0.030865579923265607,-0.0813939337847571,0.058019431267579205
US-s-p500-cxo-20160216-20160222-add-01,US,CXO,2016-02-16,2016-02-22,,sp500-20160222,6,0.0,0.0,0.0,0.0,0.0
US-s-p500-czr-20210312-20210322-add-01,US,CZR,2021-03-12,2021-03-22,,sp500-20210322,10,0.2395649398735757,0.010557285482902898,-0.13135748380548862,-0.06629263984117961,0.012507930658633294
US-s-p500-dal-20130910-20130910-add-01,US,DAL,2013-09-10,2013-09-10,Industrials,sp500-20130910,0,0.07935159936156279,0.10432797695294418,-0.0077702255333487,0.10432797695294418,0.09959822948438969
US-s-p500-dash-20250307-20250324-add-01,US,DASH,2025-03-07,2025-03-24,Consumer Discretionary,sp500-20250324,17,-0.02257840430161239,-0.0499725634230273,0.03408238193870521,0.015557657394471399,-0.023046112987665103
US-s-p500-dd-20190528-20190603-add-02,US,DD,2019-05-28,2019-06-03,Materials,sp500-20190603,6,-0.1512042747616946,0.0188844554364428,0.1261536160123118,0.12567897449727572,-0.0318217088120395
US-s-p500-ddog-20250702-20250709-add-01,US,DDOG,2025-07-02,2025-07-09,Information Technology,sp500-20250709,7,0.0761789380011568,0.1425722528508854,-0.11662293518380219,-0.10924962277917571,-0.00918044498580689
US-s-p500-deck-20240301-20240318-add-01,US,DECK,2024-03-01,2024-03-18,Consumer Discretionary,sp500-20240318,17,0.13325168584937191,0.0372623130506714,-0.008423984210095896,-0.0314357340225534,-0.08099111039059831
US-s-p500-dell-20240906-20240923-add-02,US,DELL,2024-09-06,2024-09-23,Information Technology,sp500-20240923,17,0.1486274789513375,-0.018738496743325,0.064806836337437,-0.007287778731657199,0.05409411515370279
US-s-p500-dg-20121126-20121203-add-01,US,DG,2012-11-26,2012-12-03,Consumer Staples,sp500-20121203,7,0.0512145125741343,0.0256367651429406,-0.0375810569495871,-0.0325168241477521,-0.1440143336202201
US-s-p500-disck-20140730-20140806-add-01,US,DISCK,2014-07-30,2014-08-06,,sp500-20140806,7,0.0,0.0,0.0,0.0,0.0
US-s-p500-dish-20170306-20170313-add-01,US,DISH,2017-03-06,2017-03-13,,sp500-20170313,7,0.0,0.0,0.0,0.0,0.0
US-s-p500-dlph-20121218-20121221-add-01,US,DLPH,2012-12-18,2012-12-21,,sp500-20121221,3,0.0,0.0,0.0,0.0,0.0
US-s-p500-dlr-20160513-20160518-add-01,US,DLR,2016-05-13,2016-05-18,Real Estate,sp500-20160518,5,0.0871389448989091,0.044355368778605395,-0.0349986505088015,-0.0349986505088015,0.08335009497351539
US-s-p500-dltr-20111216-20111216-add-01,US,DLTR,2011-12-16,2011-12-16,Consumer Staples,sp500-20111216,0,0.09244762377383811,0.007882993076436098,-0.0240464830514788,0.007882993076436098,-0.0314005104902087
US-s-p500-dow-20190326-20190402-add-02,US,DOW,2019-03-26,2019-04-02,Materials,sp500-20190402,7,-0.003946365895646,0.0291022010855104,0.10507233538229349,0.0850866511762023,-0.025593477369332797
US-s-p500-dpz-20200506-20200512-add-01,US,DPZ,2020-05-06,2020-05-12,Consumer Discretionary,sp500-20200512,6,0.019688064817372307,0.009335535262548204,0.0687117097197143,0.08029965334342229,-0.10094866678095568
US-s-p500-dre-20170719-20170726-add-01,US,DRE,2017-07-19,2017-07-26,,sp500-20170726,7,0.0,0.0,0.0,0.0,0.0
US-s-p500-dwdp-20170824-20170901-add-01,US,DWDP,2017-08-24,2017-09-01,,sp500-20170901,8,0.0,0.0,0.0,0.0,0.0
US-s-p500-dxc-20170328-20170404-add-01,US,DXC,2017-03-28,2017-04-04,,sp500-20170404,7,0.008293096821058,0.0656866999592578,-0.007792321518749104,0.0445547025959261,0.060420637987071306
US-s-p500-dxcm-20200506-20200512-add-01,US,DXCM,2020-05-06,2020-05-12,Health Care,sp500-20200512,6,0.2442660645844431,0.12921369373691072,0.029064873213966398,0.043117105566843894,-0.170500641549133
US-s-p500-eme-20250905-20250922-add-01,US,EME,2025-09-05,2025-09-22,Industrials,sp500-20250922,17,0.0059818078275319965,-0.015890779711394798,0.007036489449512505,0.021837823736507604,0.0734752984691542
US-s-p500-endp-20150121-20150127-add-01,US,ENDP,2015-01-21,2015-01-27,,sp500-20150127,6,0.0,0.0,0.0,0.0,0.0
US-s-p500-enph-20201230-20210107-add-01,US,ENPH,2020-12-30,2021-01-07,,sp500-20210107,8,0.20682327172026954,-0.004969225397692701,0.13779546928840827,0.115956642600356,-0.06840302390491519
US-s-p500-epam-20211207-20211214-add-01,US,EPAM,2021-12-07,2021-12-14,Information Technology,sp500-20211214,7,-0.17553604401026524,0.13990210926827298,-0.07701449616839309,-0.0703322855610887,-0.12477013251703813
US-s-p500-eqix-20150313-20150323-add-01,US,EQIX,2015-03-13,2015-03-23,Real Estate,sp500-20150323,10,0.05690096393373111,0.019822515776886804,-0.023138996418516897,-0.0200847019607691,0.050300984711991195
US-s-p500-eqt-20220923-20221003-add-02,US,EQT,2022-09-23,2022-10-03,Energy,sp500-20221003,10,-0.0018109412457512925,-0.10181722446083159,0.08926105095431969,0.0896900197153606,-0.08319443992320169
US-s-p500-erie-20240906-20240923-add-01,US,ERIE,2024-09-06,2024-09-23,Financials,sp500-20240923,17,0.06795036933484909,0.0178503724220105,0.019749986634365294,0.0318468888587573,-0.146598688256061
US-s-p500-ess-20140402-20140402-add-01,US,ESS,2014-04-02,2014-04-02,Real Estate,sp500-20140402,0,0.014988645259329903,-0.0153894350429,0.0201187989509968,-0.0153894350429,0.036812494965999094
US-s-p500-esv-20120726-20120731-add-01,US,ESV,2012-07-26,2012-07-31,,sp500-20120731,5,0.0,0.0,0.0,0.0,0.0
US-s-p500-etsy-20200904-20200921-add-01,US,ETSY,2020-09-04,2020-09-21,,sp500-20200921,17,-0.13997461327443797,-0.0436858240454471,0.11089261528108409,0.1022177020258823,0.19437622518153153
US-s-p500-evhc-20161129-20161202-add-01,US,EVHC,2016-11-29,2016-12-02,,sp500-20161202,3,0.09020261786510217,0.0358522553916203,-0.0019161024364658,0.050067058626446004,-0.1465687735752782
US-s-p500-evrg-20180531-20180605-add-01,US,EVRG,2018-05-31,2018-06-05,Utilities,sp500-20180605,5,0.0362534043948554,-0.0362509905696922,-0.064856922527885,-0.064856922527885,0.10038232334952918
US-s-p500-ew-20110325-20110331-add-01,US,EW,2011-03-25,2011-03-31,Health Care,sp500-20110331,6,0.009014581336005805,0.026543884020973903,-0.0416608979499822,-0.031881000612430696,-0.017974007980269505
US-s-p500-exe-20250307-20250324-add-01,US,EXE,2025-03-07,2025-03-24,Energy,sp500-20250324,17,-0.030362449485294606,0.0158257003641439,0.12304018848669772,-0.0146267467847381,0.023957622575419103
US-s-p500-exr-20160115-20160119-add-01,US,EXR,2016-01-15,2016-01-19,Real Estate,sp500-20160119,4,0.06381621098058021,-0.006580728442502799,-0.0362767702982173,0.0065854720269772,-0.031340326312217906
US-s-p500-fang-20181126-20181203-add-01,US,FANG,2018-11-26,2018-12-03,Energy,sp500-20181203,7,-0.05089978566154771,-0.004976181986837803,-0.049321257856932296,-0.0482026519841182,0.013518374828658208
US-s-p500-fb-20131211-20131223-add-01,US,FB,2013-12-11,2013-12-23,,sp500-20131223,12,0.0,0.0,0.0,0.0,0.0
US-s-p500-fbhs-20160621-20160622-add-01,US,FBHS,2016-06-21,2016-06-22,,sp500-20160622,1,0.0,0.0,0.0,0.0,0.0
US-s-p500-fds-20211203-20211220-add-01,US,FDS,2021-12-03,2021-12-20,Financials,sp500-20211220,17,0.0868903990134872,-0.0238157365578234,0.017487042382889003,0.0111980752813856,-0.07349047896602569
US-s-p500-ffiv-20101209-20101217-add-01,US,FFIV,2010-12-09,2010-12-17,Information Technology,sp500-20101217,8,0.12508144687081482,0.026031545079705398,-0.05718460671529191,0.030187209646839998,0.009066037828359293
US-s-p500-fico-20230303-20230320-add-01,US,FICO,2023-03-03,2023-03-20,Information Technology,sp500-20230320,17,0.0414578013999291,-0.0039958349690766,0.008818760888056998,0.015459792493463798,-0.03544845091095639
US-s-p500-fix-20251205-20251222-add-01,US,FIX,2025-12-05,2025-12-22,Industrials,sp500-20251222,17,0.018228153962866485,0.043628867816128895,-0.043686398533692085,0.0303815844113378,0.09164491967403328
US-s-p500-fl-20160328-20160404-add-01,US,FL,2016-03-28,2016-04-04,,sp500-20160404,7,0.0,0.0,0.0,0.0,0.0
US-s-p500-flt-20180615-20180620-add-01,US,FLT,2018-06-15,2018-06-20,,sp500-20180620,5,0.0,0.0,0.0,0.0,0.0
US-s-p500-fosl-20120402-20120403-add-01,US,FOSL,2012-04-02,2012-04-03,,sp500-20120403,1,0.016501931168405596,-0.001657977406569899,0.005291417405409,0.019974970688793402,0.024387756679465102
US-s-p500-fox-20150918-20150918-add-01,US,FOX,2015-09-18,2015-09-18,Communication Services,sp500-20150918,0,0.0,0.0,0.0,0.0,0.0
US-s-p500-fox-20190314-20190319-add-03,US,FOX,2019-03-14,2019-03-19,Communication Services,sp500-20190319,5,0.0,0.0417974167665912,-0.0858969853021403,-0.0858969853021403,-0.036757446106582894
US-s-p500-foxa-20190314-20190319-add-02,US,FOXA,2019-03-14,2019-03-19,Communication Services,sp500-20190319,5,0.039103146894641,0.08345781922022989,-0.0758824391557521,-0.0758824391557521,-0.048981388058725386
US-s-p500-frc-20181227-20190102-add-01,US,FRC,2018-12-27,2019-01-02,,sp500-20190102,6,0.0,0.0,0.0,0.0,0.0
US-s-p500-frt-20160122-20160201-add-01,US,FRT,2016-01-22,2016-02-01,Real Estate,sp500-20160201,10,0.0691049766942585,0.0134488395755365,-0.0028717517970192966,0.012013879177713101,-0.0326920382304313
US-s-p500-fslr-20221212-20221219-add-02,US,FSLR,2022-12-12,2022-12-19,Information Technology,sp500-20221219,7,-0.026701960655753903,0.015065321320040698,0.04758365238181,0.0016946426446745,0.043330259982453004
US-s-p500-ftnt-20181004-20181011-add-01,US,FTNT,2018-10-04,2018-10-11,Information Technology,sp500-20181011,7,0.0809316044972936,-0.04338385077352461,-0.030761079161792895,0.0089205496941377,-0.02638280021425282
US-s-p500-ftv-20160623-20160705-add-01,US,FTV,2016-06-23,2016-07-05,Industrials,sp500-20160705,12,0.0,0.0,0.0290134107409381,-0.0228426425022523,-0.030056680107240306
US-s-p500-gas-20111208-20111212-add-02,US,GAS,2011-12-08,2011-12-12,,sp500-20111212,4,0.0,0.0,0.0,0.0,0.0
US-s-p500-gddy-20240607-20240624-add-01,US,GDDY,2024-06-07,2024-06-24,Information Technology,sp500-20240624,17,0.022677757675700398,0.016066256105354497,-0.020411510822347493,0.024342066315326802,0.029869278335461897
US-s-p500-gehc-20221228-20230104-add-01,US,GEHC,2022-12-28,2023-01-04,Health Care,sp500-20230104,7,-0.024863424659030894,0.0073054607340879,0.008290441801326001,0.022886124635451498,0.09363920237330803
US-s-p500-gev-20240327-20240402-add-01,US,GEV,2024-03-27,2024-04-02,Industrials,sp500-20240402,6,0.0,0.0407881977158015,-0.056322044944194495,0.0134755099588501,0.1595986783771242
US-s-p500-ggp-20131204-20131210-add-01,US,GGP,2013-12-04,2013-12-10,,sp500-20131210,6,0.0,0.0,0.0,0.0,0.0
US-s-p500-gm-20130603-20130606-add-01,US,GM,2013-06-03,2013-06-06,Consumer Discretionary,sp500-20130606,3,0.0658452622676821,0.0235579326812477,-0.0131080698031181,-0.0049528416533499,-0.0013824216610173043
US-s-p500-gmcr-20140314-20140321-add-01,US,GMCR,2014-03-14,2014-03-21,,sp500-20140321,7,0.0,0.0,0.0,0.0,0.0
US-s-p500-gnrc-20210312-20210322-add-01,US,GNRC,2021-03-12,2021-03-22,Industrials,sp500-20210322,10,0.19461707848917376,0.056316636148869705,-0.0984849410898842,-0.0090062199482756,-0.01725970763636791
US-s-p500-googl-20140402-20140403-add-01,US,GOOGL,2014-04-02,2014-04-03,Communication Services,sp500-20140403,1,-0.0731388748279683,0.0156577823918974,-0.033394519189548,-0.0289836422028361,-0.02678262500353599
US-s-p500-gpn-20160425-20160425-add-01,US,GPN,2016-04-25,2016-04-25,Financials,sp500-20160425,0,0.1775205153533008,-0.0146681203268678,0.0196649267672069,-0.0146681203268678,0.0448934144037539
US-s-p500-grmn-20121205-20121211-add-01,US,GRMN,2012-12-05,2012-12-11,Consumer Discretionary,sp500-20121211,6,0.070464375077175,0.0499744587821353,-0.0211783114099315,-0.011350798190176701,-0.068052565855243
US-s-p500-hbi-20150323-20150323-add-01,US,HBI,2015-03-23,2015-03-23,,sp500-20150323,0,0.0,0.0,0.0,0.0,0.0
US-s-p500-hca-20150123-20150127-add-01,US,HCA,2015-01-23,2015-01-27,Health Care,sp500-20150127,4,-0.053513904980094104,0.0424856147588027,0.0062348866826502,0.0671860959709444,-0.06096572844814509
US-s-p500-hfc-20180608-20180618-add-01,US,HFC,2018-06-08,2018-06-18,,sp500-20180618,10,0.0,0.0,0.0,0.0,0.0
US-s-p500-hii-20171228-20180103-add-01,US,HII,2017-12-28,2018-01-03,Industrials,sp500-20180103,6,-0.03489296407110099,-0.0019380154852665019,-0.033398320205351606,-0.031049435771053506,0.0052398560288011015
US-s-p500-hlt-20170609-20170619-add-01,US,HLT,2017-06-09,2017-06-19,Consumer Discretionary,sp500-20170619,10,0.0326322932257332,-0.0027049314992373015,-0.0118308351255108,-0.016404134767408998,-0.0618585496049222
US-s-p500-holx-20160324-20160330-add-01,US,HOLX,2016-03-24,2016-03-30,,sp500-20160330,6,-0.06971734538846461,-0.005376231908232501,-0.016584484704554103,-0.013152076073507902,0.0761906432696448
US-s-p500-hood-20250905-20250922-add-01,US,HOOD,2025-09-05,2025-09-22,Financials,sp500-20250922,17,-0.042130892429301986,0.1556330819852487,0.1369343865080461,0.0395846980957326,0.07897318130773061
US-s-p500-hp-20100226-20100226-add-01,US,HP,2010-02-26,2010-02-26,,sp500-20100226,0,-0.0862821830759608,-0.0251406920735708,0.002597726258105,-0.0251406920735708,-0.1467637476154806
US-s-p500-hpe-20151027-20151102-add-01,US,HPE,2015-10-27,2015-11-02,Information Technology,sp500-20151102,6,-0.024929093204409898,-0.04854708365786921,-0.1313253449642543,-0.1115047582439744,0.0963834255380698
US-s-p500-hsic-20150313-20150318-add-01,US,HSIC,2015-03-13,2015-03-18,Health Care,sp500-20150318,5,-0.024743452368212196,-0.002517097733000401,0.0069206308458317,0.0069206308458317,-0.010096358357795397
US-s-p500-hubb-20231013-20231018-add-01,US,HUBB,2023-10-13,2023-10-18,Industrials,sp500-20231018,5,0.004919020894407593,-0.0191508040655312,-0.041867416336428,-0.041867416336428,-0.0342018167202784
US-s-p500-hwm-20200401-20200401-add-01,US,HWM,2020-04-01,2020-04-01,Industrials,sp500-20200401,0,-0.36885155068415376,0.03534494008207291,0.0183370260759742,0.03534494008207291,-0.06895136162534368
US-s-p500-ibkr-20250825-20250828-add-01,US,IBKR,2025-08-25,2025-08-28,Financials,sp500-20250828,3,-0.0573738694522473,-0.0018010954469064996,-0.0262456462799883,-0.014318729312267402,0.036853750521900014
US-s-p500-idxx-20170103-20170105-add-01,US,IDXX,2017-01-03,2017-01-05,Health Care,sp500-20170105,2,0.005790560532106897,-0.0276481895462988,0.0008569329800321,-0.00171612011066,0.182570385508534
US-s-p500-iex-20190801-20190809-add-01,US,IEX,2019-08-01,2019-08-09,Industrials,sp500-20190809,8,-0.023810793345198804,-0.021402100834044202,0.021186811075588396,0.0259010989344964,0.0026757334385993023
US-s-p500-ilmn-20151112-20151119-add-01,US,ILMN,2015-11-12,2015-11-19,,sp500-20151119,7,0.0352298525972909,0.10805716250131721,0.019529763899542803,-0.0136412860814872,0.08953079079963569
US-s-p500-incy-20170223-20170228-add-01,US,INCY,2017-02-23,2017-02-28,Health Care,sp500-20170228,5,-0.007156289219926601,0.0717916238390699,0.0033394774085001005,0.0033394774085001005,0.06769049487675509
US-s-p500-info-20170524-20170602-add-01,US,INFO,2017-05-24,2017-06-02,,sp500-20170602,9,0.0,0.0,0.0,0.0,0.0
US-s-p500-invh-20220902-20220919-add-01,US,INVH,2022-09-02,2022-09-19,Real Estate,sp500-20220919,17,0.014822871762947998,0.0639766057691749,-0.04929723563711119,-0.0291119681506991,-0.0343250953574501
US-s-p500-ipgp-20180302-20180307-add-01,US,IPGP,2018-03-02,2018-03-07,,sp500-20180307,5,0.028076007466306195,-0.0422047458590567,0.026270786570563198,0.026270786570563198,-0.0293615627879185
US-s-p500-ir-20101110-20101117-add-01,US,IR,2010-11-10,2010-11-17,Industrials,sp500-20101117,7,0.0,0.0,0.0,0.0,0.0
US-s-p500-ir-20200227-20200302-add-02,US,IR,2020-02-27,2020-03-02,Industrials,sp500-20200302,4,0.057034965525119496,-0.0275180122583921,-0.051162797297384,-0.06732210632814761,-0.1343359526449911
US-s-p500-it-20170329-20170405-add-01,US,IT,2017-03-29,2017-04-05,Information Technology,sp500-20170405,7,0.06340216724221838,-0.0170023949011009,0.0202975867413953,0.014499235391964599,0.008660733724084699
US-s-p500-jbht-20150629-20150701-add-01,US,JBHT,2015-06-29,2015-07-01,Industrials,sp500-20150701,2,0.0012979519863842027,-0.0033391415350830997,0.0025656169133505,-0.0205147549149046,0.016134035306149
US-s-p500-jbl-20231201-20231218-add-02,US,JBL,2023-12-01,2023-12-18,Information Technology,sp500-20231218,17,-0.1453649641114255,-0.0031108848331797,0.07267722515497077,-0.0485288513554968,-0.062136146484919996
US-s-p500-jkhy-20181107-20181113-add-01,US,JKHY,2018-11-07,2018-11-13,Financials,sp500-20181113,6,0.006505803588014101,-0.0694865081692186,-0.014673102473395401,-0.0126909402754672,0.007487372009975195
US-s-p500-joyg-20110216-20110225-add-01,US,JOYG,2011-02-16,2011-02-25,,sp500-20110225,9,0.0,0.0,0.0,0.0,0.0
US-s-p500-kdp-20220603-20220621-add-01,US,KDP,2022-06-03,2022-06-21,Consumer Staples,sp500-20220621,18,-0.024957978784558695,0.0540400707487884,0.0457897551114468,-0.0125307724658433,-0.007360602986534598
US-s-p500-keys-20181030-20181106-add-01,US,KEYS,2018-10-30,2018-11-06,Information Technology,sp500-20181106,7,-0.052440352462027495,-0.0443743621026228,0.0245157673157756,0.026949507953021097,0.046985000629110193
US-s-p500-khc-20150702-20150706-add-01,US,KHC,2015-07-02,2015-07-06,Consumer Staples,sp500-20150706,4,0.0,0.0,0.0437781217700936,0.0168082234213624,0.07477040018895591
US-s-p500-kkr-20240607-20240624-add-01,US,KKR,2024-06-07,2024-06-24,Financials,sp500-20240624,17,-0.026920211146328907,0.057691107906596,-0.0547450805926011,-0.0233540901389949,0.0800985809893553
US-s-p500-kmi-20120517-20120517-add-01,US,KMI,2012-05-17,2012-05-17,Energy,sp500-20120517,0,-0.05879206151693869,0.0026711582197258,0.0104253276504267,0.0026711582197258,-0.051586781509473205
US-s-p500-kmx-20100622-20100628-add-01,US,KMX,2010-06-22,2010-06-28,,sp500-20100628,6,-0.08859245295844988,0.08273526699386109,-0.042849907711169796,-0.0363124391639567,-0.004049894847131197
US-s-p500-kors-20131113-20131113-add-01,US,KORS,2013-11-13,2013-11-13,,sp500-20131113,0,0.0,0.0,0.0,0.0,0.0
US-s-p500-krft-20120925-20121002-add-01,US,KRFT,2012-09-25,2012-10-02,,sp500-20121002,7,0.0,0.0,0.0,0.0,0.0
US-s-p500-ksu-20130523-20130523-add-01,US,KSU,2013-05-23,2013-05-23,,sp500-20130523,0,0.0,0.0,0.0,0.0,0.0
US-s-p500-kvue-20230821-20230825-add-01,US,KVUE,2023-08-21,2023-08-25,Consumer Staples,sp500-20230825,4,-0.0089015775189372,0.037990804899726095,-0.0009480655619667992,-0.0187176908814761,-0.07147751984011219
US-s-p500-ldos-20190801-20190809-add-01,US,LDOS,2019-08-01,2019-08-09,Industrials,sp500-20190809,8,0.0227273201253515,-0.0024800389448825025,0.032224588122730796,0.0313698583986887,-0.009897596017580803
US-s-p500-lii-20241218-20241223-add-01,US,LII,2024-12-18,2024-12-23,Industrials,sp500-20241223,5,0.035015582958216,-0.0395983427754295,-0.0110622831013212,-0.0110622831013212,0.04146043702321269
US-s-p500-lkq-20160518-20160523-add-01,US,LKQ,2016-05-18,2016-05-23,,sp500-20160523,5,-0.008038099584806797,-0.0257621137839251,0.0076752699854755,0.0076752699854755,0.019513872157040098
US-s-p500-lnt-20160629-20160701-add-01,US,LNT,2016-06-29,2016-07-01,Utilities,sp500-20160701,2,0.1009889050161993,-0.0521340795817634,0.0154319312036552,0.0175847517620926,-0.04506654375491109
US-s-p500-lrcx-20120510-20120605-add-01,US,LRCX,2012-05-10,2012-06-05,Information Technology,sp500-20120605,26,-0.0363714230188874,0.0408198589843407,-0.07234057880438449,0.028309851612346303,-0.0522503499332807
US-s-p500-lulu-20231013-20231018-add-01,US,LULU,2023-10-13,2023-10-18,Consumer Discretionary,sp500-20231018,5,-0.0020485139570266047,0.1153797115495655,-0.027874725875832902,-0.027874725875832902,0.036481253177772205
US-s-p500-lvlt-20141029-20141105-add-01,US,LVLT,2014-10-29,2014-11-05,,sp500-20141105,7,0.0,0.0,0.0,0.0,0.0
US-s-p500-lvs-20190920-20191003-add-01,US,LVS,2019-09-20,2019-10-03,Consumer Discretionary,sp500-20191003,13,0.030179384677763793,-0.032925200768913,-0.015046206108263903,-0.025536975537475,0.073245974722949
US-s-p500-lw-20181126-20181203-add-01,US,LW,2018-11-26,2018-12-03,,sp500-20181203,7,0.06881565321821548,-0.06476375507424789,-0.0343245671453651,-0.003061215508522702,0.06326329605559179
US-s-p500-lyb-20120905-20120905-add-01,US,LYB,2012-09-05,2012-09-05,Materials,sp500-20120905,0,0.025740501993520404,-0.024799707740315702,0.0165857706806774,-0.024799707740315702,0.0664151219839955
US-s-p500-lyv-20191213-20191223-add-01,US,LYV,2019-12-13,2019-12-23,Communication Services,sp500-20191223,10,0.04965742538404,-0.1013739568524504,0.10935148123894699,0.005915528363222601,0.021026288555898397
US-s-p500-maa-20161129-20161202-add-01,US,MAA,2016-11-29,2016-12-02,Real Estate,sp500-20161202,3,-0.012457491141453498,0.0082204697456951,-0.0262783779912347,-0.032808872199221406,0.0685706849763802
US-s-p500-mac-20130503-20130508-add-01,US,MAC,2013-05-03,2013-05-08,,sp500-20130508,5,0.03472240038191499,0.0073098731473409005,-0.0137978616526305,-0.0137978616526305,-0.0997063355434122
US-s-p500-mbc-20221212-20221215-add-01,US,MBC,2022-12-12,2022-12-15,,sp500-20221215,3,0.0,-0.0845101640547657,-0.01992127721256,0.0794859454289309,-0.12919791997156452
US-s-p500-mdlz-20121001-20121002-add-01,US,MDLZ,2012-10-01,2012-10-02,Consumer Staples,sp500-20121002,1,-0.019892405846223295,0.0210012826421117,-0.0100506332057722,0.0028321824050174006,-0.021502567668880097
US-s-p500-mgm-20170719-20170726-add-01,US,MGM,2017-07-19,2017-07-26,Consumer Discretionary,sp500-20170726,7,-0.0182542519229518,0.052201705919125097,-0.010688914575161999,-0.0198394418254059,-0.0497600256289519
US-s-p500-mhk-20131211-20131223-add-01,US,MHK,2013-12-11,2013-12-23,,sp500-20131223,12,0.027201966419341205,-4.681877372539854e-05,0.007802328323364799,0.0071966770745245,0.013417826668911906
US-s-p500-mktx-20190624-20190701-add-01,US,MKTX,2019-06-24,2019-07-01,,sp500-20190701,7,0.09388506363214258,-0.0244813579835715,0.018253098426246,0.0290707313582518,0.008353631233278895
US-s-p500-mlm-20140627-20140702-add-01,US,MLM,2014-06-27,2014-07-02,Materials,sp500-20140702,5,0.0345724376064415,0.008306456158778501,-0.053688372370442106,-0.053688372370442106,0.009742225172906103
US-s-p500-mmi-20101223-20110103-add-01,US,MMI,2010-12-23,2011-01-03,,sp500-20110103,11,0.0,0.0,0.0,0.0,0.0
US-s-p500-mnk-20140814-20140818-add-01,US,MNK,2014-08-14,2014-08-18,,sp500-20140818,4,0.0,0.0,0.0,0.0,0.0
US-s-p500-mnst-20120621-20120629-add-01,US,MNST,2012-06-21,2012-06-29,Consumer Staples,sp500-20120629,8,0.0480725156011657,-0.0169447353494825,-0.0035793009615655985,0.027843812630198604,-0.1033525272875945
US-s-p500-moh-20220225-20220302-add-01,US,MOH,2022-02-25,2022-03-02,,sp500-20220302,5,0.15228793079315,-0.0239217061404771,0.0257903473558346,0.0257903473558346,0.0322714946200368
US-s-p500-mos-20110921-20110923-add-01,US,MOS,2011-09-21,2011-09-23,Materials,sp500-20110923,2,-0.014563824967719484,-0.06494299572688919,-0.046175233872882,-0.0739828410139431,-0.05219603118348312
US-s-p500-mpc-20110630-20110630-add-01,US,MPC,2011-06-30,2011-06-30,Energy,sp500-20110630,0,0.0436157860265848,0.0551045744923367,0.0015731836324598,0.0551045744923367,0.0755369736239595
US-s-p500-mpwr-20210208-20210212-add-01,US,MPWR,2021-02-08,2021-02-12,Information Technology,sp500-20210212,4,-0.0732748187885509,0.021741771818412397,0.013633136070480901,0.0319762151456848,-0.11646378722492229
US-s-p500-mrna-20210715-20210721-add-01,US,MRNA,2021-07-15,2021-07-21,Health Care,sp500-20210721,6,0.182363205200686,0.2143812186920423,0.1175270183770333,0.006835021026222203,0.24966878430698938
US-s-p500-msci-20180328-20180404-add-01,US,MSCI,2018-03-28,2018-04-04,Financials,sp500-20180404,7,0.12531617376919602,-0.0525868134124882,-0.023271008969734,-0.0271210515002781,0.036765952450096104
US-s-p500-mtch-20210903-20210920-add-01,US,MTCH,2021-09-03,2021-09-20,,sp500-20210920,17,-0.014423403398141195,0.1448521441777746,0.023676071716148696,-0.024451615372750903,0.014961723373186102
US-s-p500-mtd-20160825-20160906-add-01,US,MTD,2016-08-25,2016-09-06,Health Care,sp500-20160906,12,0.02732715973631189,0.0056285010597156996,-0.0294001578491885,-0.001834516040727101,0.039376251071224604
US-s-p500-mxim-20181126-20181203-add-01,US,MXIM,2018-11-26,2018-12-03,,sp500-20181203,7,0.0,0.0,0.0,0.0,0.0
US-s-p500-navi-20140424-20140501-add-01,US,NAVI,2014-04-24,2014-05-01,,sp500-20140501,7,-0.0180390471354797,0.014096948551845,-0.005467498725697599,0.014954744197051001,-0.09159580096007179
US-s-p500-nclh-20171004-20171013-add-01,US,NCLH,2017-10-04,2017-10-13,Consumer Discretionary,sp500-20171013,9,-0.0634476462605713,0.062891874404088,0.006567177757804602,0.0011038975815335,-0.07068436864459202
US-s-p500-ndsn-20220210-20220215-add-01,US,NDSN,2022-02-10,2022-02-15,Industrials,sp500-20220215,5,0.011160196703513602,-0.0429738341795693,0.06526982581045299,0.06526982581045299,-0.023689933339999
US-s-p500-nflx-20101217-20101217-add-01,US,NFLX,2010-12-17,2010-12-17,Communication Services,sp500-20101217,0,0.043118964262920084,-0.0118398717152791,0.0399682612521923,-0.0118398717152791,0.0499699163027244
US-s-p500-nfx-20101217-20101217-add-01,US,NFX,2010-12-17,2010-12-17,,sp500-20101217,0,0.05847871790844949,-0.014003819665281702,0.0196685617199834,-0.014003819665281702,-0.0266680383759086
US-s-p500-nktr-20180309-20180319-add-01,US,NKTR,2018-03-09,2018-03-19,,sp500-20180319,10,0.36009179914991607,0.00035048604489780477,0.061178145717329394,0.0610935772856257,-0.1161426723020238
US-s-p500-nlsn-20130701-20130708-add-01,US,NLSN,2013-07-01,2013-07-08,,sp500-20130708,7,0.0,0.0,0.0,0.0,0.0
US-s-p500-now-20191118-20191121-add-01,US,NOW,2019-11-18,2019-11-21,Information Technology,sp500-20191121,3,0.03132069313230379,0.08381002283648409,0.022694726264725,0.0114734047217862,-0.024081814452025195
US-s-p500-nvr-20190920-20190926-add-01,US,NVR,2019-09-20,2019-09-26,Consumer Discretionary,sp500-20190926,6,-0.010210661638077594,-0.048636194207125096,0.044891012232070496,0.0306539298502787,0.02135058695691361
US-s-p500-nws-20150918-20150918-add-01,US,NWS,2015-09-18,2015-09-18,Communication Services,sp500-20150918,0,-0.0702911356842946,0.006819351339786801,0.0130937562603777,0.006819351339786801,0.0969019437435268
US-s-p500-nwsa-20130620-20130701-add-01,US,NWSA,2013-06-20,2013-07-01,Communication Services,sp500-20130701,11,0.0,0.0116100718550572,-0.019761827634940193,-0.032663492166807195,0.0234586531704804
US-s-p500-nxpi-20210312-20210322-add-01,US,NXPI,2021-03-12,2021-03-22,Information Technology,sp500-20210322,10,0.009440874316913008,0.09266099137720579,-0.02582436679266731,-0.0333488638256919,-0.0407086431042869
US-s-p500-o-20150330-20150407-add-01,US,O,2015-03-30,2015-04-07,Real Estate,sp500-20150407,8,0.0421813518586408,0.0048428687069675,-0.0548617536606161,-0.035852012654653896,-0.0918841847658398
US-s-p500-odfl-20191202-20191209-add-01,US,ODFL,2019-12-02,2019-12-09,Industrials,sp500-20191209,7,0.018589749008017707,-0.0519905538089818,0.0183925344395499,0.0149390767029212,-0.0261058826834733
US-s-p500-ogn-20210603-20210603-add-01,US,OGN,2021-06-03,2021-06-03,,sp500-20210603,0,0.0567589354445395,-0.05488737108478631,-0.0791445445983439,-0.05488737108478631,-0.11025598222140538
US-s-p500-on-20220603-20220621-add-01,US,ON,2022-06-03,2022-06-21,Information Technology,sp500-20220621,18,0.1202172846760485,0.10622059125570799,-0.17250787224452133,-0.0718981393306806,0.12381817174379421
US-s-p500-otis-20200331-20200403-add-01,US,OTIS,2020-03-31,2020-04-03,Industrials,sp500-20200403,3,0.021516580604729205,0.065977812173249,-0.0806451419711746,-0.08954809910438721,0.017968787397237077
US-s-p500-panw-20230602-20230620-add-01,US,PANW,2023-06-02,2023-06-20,Information Technology,sp500-20230620,18,0.17294316779557137,0.039584279681161495,0.0915715516765194,-0.0062405902225076,-0.009991363546177218
US-s-p500-payc-20200122-20200128-add-01,US,PAYC,2020-01-22,2020-01-28,,sp500-20200128,6,0.1025204097825116,0.0629963687673145,0.0384674731797587,0.029552138305549605,-0.039595562236121866
US-s-p500-pcg-20220923-20221003-add-02,US,PCG,2022-09-23,2022-10-03,Utilities,sp500-20221003,10,0.1754457789577069,0.016253581153319898,0.1182222843642665,0.09947198054892581,0.0322829761335038
US-s-p500-penn-20210312-20210322-add-01,US,PENN,2021-03-12,2021-03-22,,sp500-20210322,10,0.1571170853292975,0.0861286704115527,-0.1972144922830669,0.0020054323049861003,-0.2703819675197895
US-s-p500-petm-20121001-20121010-add-01,US,PETM,2012-10-01,2012-10-10,,sp500-20121010,9,0.0,0.0,0.0,0.0,0.0
US-s-p500-pkg-20170719-20170726-add-01,US,PKG,2017-07-19,2017-07-26,Materials,sp500-20170726,7,0.026947746372665997,-0.026907855049669797,0.00020053347263179755,0.0121158852654818,0.0010924632444887991
US-s-p500-pltr-20240906-20240923-add-01,US,PLTR,2024-09-06,2024-09-23,Information Technology,sp500-20240923,17,0.08775178254127287,0.14106256746103518,0.021493087098892694,-0.0008399696056861014,0.13062527899272358
US-s-p500-pnr-20121001-20121001-add-01,US,PNR,2012-10-01,2012-10-01,Industrials,sp500-20121001,0,0.0341278343870483,-0.005422361133894198,0.0235599272978815,-0.005422361133894198,0.011767097021154301
US-s-p500-podd-20230310-20230315-add-01,US,PODD,2023-03-10,2023-03-15,Health Care,sp500-20230315,5,0.034746899824309896,0.0963634353482914,0.0026052450630935984,0.0026052450630935984,-0.0295196783253715
US-s-p500-pool-20201001-20201007-add-01,US,POOL,2020-10-01,2020-10-07,Consumer Discretionary,sp500-20201007,6,0.0646853527991588,-0.021142270734894598,0.0255911601759819,0.0281976488404335,0.10344903881723322
US-s-p500-prgo-20111216-20111216-add-01,US,PRGO,2011-12-16,2011-12-16,,sp500-20111216,0,0.07485290100862231,0.0281197319099655,-0.0015685739953913,0.0281197319099655,-0.06153017726426691
US-s-p500-psx-20120423-20120423-add-01,US,PSX,2012-04-23,2012-04-23,Energy,sp500-20120423,0,0.0762268039090147,-0.0312386870563936,-0.0136445921578962,-0.0312386870563936,-0.028422605293617405
US-s-p500-ptc-20210415-20210420-add-01,US,PTC,2021-04-15,2021-04-20,Information Technology,sp500-20210420,5,0.043429829601879584,-0.0176963870729583,-0.010885860395030297,-0.010885860395030297,-0.10162785669216859
US-s-p500-pvh-20130207-20130215-add-01,US,PVH,2013-02-07,2013-02-15,,sp500-20130215,8,-0.005924471884171098,0.0473064099681135,-0.0190904803558102,-0.0015620646740136998,-0.055247141754740596
US-s-p500-pypl-20150714-20150720-add-01,US,PYPL,2015-07-14,2015-07-20,Financials,sp500-20150720,6,-0.009985562016995103,0.0652474060471123,0.0445214857008725,0.022677348841225298,-0.005713969967940099
US-s-p500-q-20170824-20170829-add-02,US,Q,2017-08-24,2017-08-29,Information Technology,sp500-20170829,5,0.0,0.0,0.0,0.0,0.0
US-s-p500-q-20251031-20251103-add-03,US,Q,2025-10-31,2025-11-03,Information Technology,sp500-20251103,3,-0.0124100976784208,0.0369437545585022,0.052046179070671,0.0858908316820253,-0.23007903881476588
US-s-p500-qep-20100623-20100630-add-01,US,QEP,2010-06-23,2010-06-30,,sp500-20100630,7,0.0,0.0,0.0,0.0,0.0
US-s-p500-qrvo-20150609-20150611-add-01,US,QRVO,2015-06-09,2015-06-11,,sp500-20150611,2,0.07068459634558319,-0.019086370594670103,-0.0077992324784732,0.0361731348145821,-0.0783805536422031
US-s-p500-rcl-20141201-20141205-add-01,US,RCL,2014-12-01,2014-12-05,Consumer Discretionary,sp500-20141205,4,0.05029661956667279,0.0948489077520084,0.0067125958636547,0.0248487161077013,0.06832803878199539
US-s-p500-re-20170612-20170619-add-01,US,RE,2017-06-12,2017-06-19,,sp500-20170619,7,0.0,0.0,0.0,0.0,0.0
US-s-p500-reg-20170223-20170302-add-01,US,REG,2017-02-23,2017-03-02,Real Estate,sp500-20170302,7,-0.04369192178393459,0.0161222787106589,-0.05557516855962091,-0.0454708044351807,-0.010598469684368698
US-s-p500-regn-20130424-20130430-add-01,US,REGN,2013-04-24,2013-04-30,Health Care,sp500-20130430,6,0.21226462584863307,-0.0003224918351118003,0.0969945305364679,0.0958444991060238,0.00893592111255029
US-s-p500-rig-20131021-20131029-add-01,US,RIG,2013-10-21,2013-10-29,,sp500-20131029,8,-0.001955010283052002,0.0753829555629665,-0.047138887655546996,-0.0473252136862116,0.055871645689995406
US-s-p500-rjf-20170310-20170320-add-01,US,RJF,2017-03-10,2017-03-20,Financials,sp500-20170320,10,0.0065212336654245,0.0006653500507821995,-0.04188553144791771,-0.035770055396376996,-0.006656085610436001
US-s-p500-rmd-20170719-20170726-add-01,US,RMD,2017-07-19,2017-07-26,Health Care,sp500-20170726,7,-0.0204130225247994,-0.0005240883365403001,-0.008018542832901002,0.0012821460031292,-0.026642566652507305
US-s-p500-rol-20180925-20181001-add-01,US,ROL,2018-09-25,2018-10-01,Industrials,sp500-20181001,6,0.037972834770465196,-0.026789406254587696,-0.0196739835626588,0.0006619969397994984,0.06634882345419339
US-s-p500-sbac-20170824-20170901-add-01,US,SBAC,2017-08-24,2017-09-01,Real Estate,sp500-20170901,8,0.08976573158367289,0.048049752764954,-0.0121117993476654,-0.012355521950099799,-0.0841083178645486
US-s-p500-sbny-20211203-20211220-add-01,US,SBNY,2021-12-03,2021-12-20,,sp500-20211220,17,0.0,0.0,0.0,0.0,0.0
US-s-p500-sedg-20211203-20211220-add-01,US,SEDG,2021-12-03,2021-12-20,,sp500-20211220,17,-0.0793275336280734,-0.0405747539249754,-0.12498426392292569,-0.007301150575214604,-0.1588582900783353
US-s-p500-sig-20150724-20150729-add-01,US,SIG,2015-07-24,2015-07-29,,sp500-20150729,5,-0.0491768269175419,-0.0193763488471498,0.0091493896904852,0.0091493896904852,0.0778469725539545
US-s-p500-sivb-20180309-20180319-add-01,US,SIVB,2018-03-09,2018-03-19,,sp500-20180319,10,0.0,0.0,0.0,0.0,0.0
US-s-p500-slg-20150323-20150323-add-01,US,SLG,2015-03-23,2015-03-23,,sp500-20150323,0,0.0432373511229517,0.008577200528885599,-0.0032942955743596,0.008577200528885599,-0.024385454449035098
US-s-p500-smci-20240301-20240318-add-01,US,SMCI,2024-03-01,2024-03-18,Information Technology,sp500-20240318,17,0.5547693988240532,0.2806067279985631,-0.026234879199132463,-0.2131194609604918,0.1095544123481191
US-s-p500-sndk-20251125-20251128-add-02,US,SNDK,2025-11-25,2025-11-28,Information Technology,sp500-20251128,3,0.36487118232328164,0.04860934013717409,0.0329637059587396,-0.052097128626849,0.1666083937175422
US-s-p500-snps-20170313-20170316-add-01,US,SNPS,2017-03-13,2017-03-16,Information Technology,sp500-20170316,3,0.06792937395961281,-0.0089224137032408,-0.0155822446116407,-1.1175952134000536e-05,0.0180619239354283
US-s-p500-sols-20251030-20251030-add-01,US,SOLS,2025-10-30,2025-10-30,,sp500-20251030,0,-0.0019752491954437915,-0.05228072230749609,-0.0252397407752513,-0.05228072230749609,0.042975556826649795
US-s-p500-solv-20240327-20240401-add-01,US,SOLV,2024-03-27,2024-04-01,Health Care,sp500-20240401,5,0.0,-0.1449137380092742,-0.0751391393003861,-0.10283857135550409,0.009656338729710008
US-s-p500-ste-20191213-20191223-add-01,US,STE,2019-12-13,2019-12-23,Health Care,sp500-20191223,10,0.032932858458042794,-0.0349509845372598,-0.007862372939236497,0.0187322212610509,-0.032632512688977704
US-s-p500-stld-20221219-20221222-add-01,US,STLD,2022-12-19,2022-12-22,Materials,sp500-20221222,3,0.027933871611538222,0.0317731323218101,0.0008297635993784,-0.0119086683245589,0.014746516789246001
US-s-p500-stx-20120625-20120702-add-01,US,STX,2012-06-25,2012-07-02,Information Technology,sp500-20120702,7,-0.1224208020989904,0.0666359398401674,0.004321119970846207,0.0463783933354807,0.18511916022918143
US-s-p500-swks-20150309-20150312-add-01,US,SWKS,2015-03-09,2015-03-12,Information Technology,sp500-20150312,3,0.1073771838011653,0.023561859705400597,0.0128823598082989,0.014160206675013498,0.052165677020681506
US-s-p500-syf-20151109-20151118-add-01,US,SYF,2015-11-09,2015-11-18,Financials,sp500-20151118,9,0.010901183702167312,-0.0365754934414994,0.018666387050794,0.0308013383159639,-0.03219970001899031
US-s-p500-tdg-20160527-20160603-add-01,US,TDG,2016-05-27,2016-06-03,Industrials,sp500-20160603,7,0.10123978592946381,0.0276924976831457,0.004653447518184899,-0.0077617949516703,-0.006651721585577201
US-s-p500-tdy-20200612-20200622-add-01,US,TDY,2020-06-12,2020-06-22,Information Technology,sp500-20200622,10,0.007739468597435907,-0.0364407277270338,-0.0884827834052669,-0.037570263061334,0.0036538628637551047
US-s-p500-tech-20210824-20210830-add-01,US,TECH,2021-08-24,2021-08-30,Health Care,sp500-20210830,6,0.005298759114540001,0.0306699697697908,-0.007710124533941197,0.0005583232242020019,0.02098667481310479
US-s-p500-tel-20111011-20111014-add-01,US,TEL,2011-10-11,2011-10-14,Information Technology,sp500-20111014,3,0.0692547340334209,0.0666647989555629,0.0312757301877575,0.037827859849879,-0.027599526193058894
US-s-p500-ter-20200904-20200921-add-02,US,TER,2020-09-04,2020-09-21,Information Technology,sp500-20200921,17,-0.1271009626187251,-0.08156347371383149,0.055049866521178395,-0.0016002831951794014,0.09270255406452318
US-s-p500-tfx-20190115-20190118-add-01,US,TFX,2019-01-15,2019-01-18,,sp500-20190118,3,0.0024360633984710084,-0.035801196151157094,0.0167811517423127,0.028885554147000198,0.03701721442488319
US-s-p500-tko-20250307-20250324-add-01,US,TKO,2025-03-07,2025-03-24,Communication Services,sp500-20250324,17,-0.030431524172990793,-0.028974064776373397,0.0781948146319078,0.0077661284644669985,0.04619863569963811
US-s-p500-tmus-20190709-20190715-add-01,US,TMUS,2019-07-09,2019-07-15,Communication Services,sp500-20190715,6,-0.05203359259076099,0.0311778478105605,0.0016562068440766002,0.0086469483634122,0.016614636307814498
US-s-p500-tpl-20241121-20241126-add-01,US,TPL,2024-11-21,2024-11-26,Energy,sp500-20241126,5,0.27599044865981065,0.1988995040624978,-0.056854435529709806,-0.056854435529709806,-0.3266222022821158
US-s-p500-trgp-20221006-20221012-add-01,US,TRGP,2022-10-06,2022-10-12,Energy,sp500-20221012,6,0.030103211858499998,0.0158824433933282,0.06346458235913979,0.0624012817512193,-0.013908456433839294
US-s-p500-trip-20111220-20111220-add-01,US,TRIP,2011-12-20,2011-12-20,,sp500-20111220,0,0.10156459650942198,-0.043227770538349496,-0.1217458056512066,-0.043227770538349496,0.05338036139206089
US-s-p500-trmb-20210115-20210121-add-01,US,TRMB,2021-01-15,2021-01-21,Information Technology,sp500-20210121,6,0.04260361199322551,-0.0090902321878637,0.0096440772790071,0.011846710016575699,0.0176840902487123
US-s-p500-tsco-20140116-20140124-add-01,US,TSCO,2014-01-16,2014-01-24,Consumer Discretionary,sp500-20140124,8,-0.011235540800146694,-0.002216781461617001,-0.02244202331165,-0.0025161702356255016,-0.08642578847706331
US-s-p500-tsla-20201211-20201221-add-01,US,TSLA,2020-12-11,2020-12-21,Consumer Discretionary,sp500-20201221,10,0.4022132503936227,0.06596140794842359,0.024385733356735592,-0.010495681529264606,0.24601927519313
US-s-p500-ttd-20250714-20250718-add-01,US,TTD,2025-07-14,2025-07-18,Communication Services,sp500-20250718,4,0.007554636537817502,0.0532704853025429,0.0043332159071872,-0.0202086212563995,-0.34293730829567914
US-s-p500-ttwo-20180309-20180319-add-01,US,TTWO,2018-03-09,2018-03-19,Communication Services,sp500-20180319,10,-0.042462423860224016,0.022445146769931996,-0.0699981454364348,-0.0226882448079476,-0.0225310727342873
US-s-p500-twtr-20180604-20180607-add-01,US,TWTR,2018-06-04,2018-06-07,,sp500-20180607,3,0.0,0.0,0.0,0.0,0.0
US-s-p500-tyc-20100819-20100826-add-01,US,TYC,2010-08-19,2010-08-26,,sp500-20100826,7,0.0,0.0,0.0,0.0,0.0
US-s-p500-tyl-20200612-20200622-add-01,US,TYL,2020-06-12,2020-06-22,Information Technology,sp500-20200622,10,-0.001578486530749896,-0.026090625428671695,-0.0076738982970758,-0.0284647348882624,0.0598661986763955
US-s-p500-ua-20140424-20140501-add-01,US,UA,2014-04-24,2014-05-01,,sp500-20140501,7,0.0,0.0,0.0,0.0,0.0
US-s-p500-ua-20160408-20160408-add-02,US,UA,2016-04-08,2016-04-08,,sp500-20160408,0,-0.0004971703822849996,0.007223493640520995,-0.0050794328302443,0.007223493640520995,-0.1313628465908265
US-s-p500-ual-20150827-20150902-add-01,US,UAL,2015-08-27,2015-09-02,Industrials,sp500-20150902,6,0.026011408553391395,0.031097019231064893,0.020795240342261906,0.015029580371968504,-0.05986017888191289
US-s-p500-uber-20231201-20231218-add-01,US,UBER,2023-12-01,2023-12-18,Industrials,sp500-20231218,17,0.1803943717015738,0.0349198513974191,0.0127713729924936,-0.016342203837411598,0.04449539512606851
US-s-p500-udr-20160304-20160307-add-01,US,UDR,2016-03-04,2016-03-07,Real Estate,sp500-20160307,3,-0.03437397703925621,-0.015119554305274997,-0.0015947231766809,-0.0231687342836963,0.04463627096103471
US-s-p500-uhs-20140920-20140920-add-01,US,UHS,2014-09-20,2014-09-20,Health Care,sp500-20140920,0,0.007192848372172195,0.016409296618624402,0.0103426905607736,0.016409296618624402,-0.028633866758855406
US-s-p500-ulta-20160407-20160418-add-01,US,ULTA,2016-04-07,2016-04-18,Consumer Discretionary,sp500-20160418,11,0.14873801362785957,0.0335224376951294,0.005491254730620298,-0.0163736071880556,0.0375887607837464
US-s-p500-uri-20140912-20140920-add-01,US,URI,2014-09-12,2014-09-20,Industrials,sp500-20140920,8,0.021287366881687298,0.0152510946828206,-0.023494700358555498,-0.0304503021778698,-0.034837284285295186
US-s-p500-vici-20220603-20220608-add-01,US,VICI,2022-06-03,2022-06-08,Real Estate,sp500-20220608,5,0.055753829776209594,0.0473916503489166,-0.030444659850812003,-0.030444659850812003,0.0642869944189911
US-s-p500-vlto-20230928-20231002-add-01,US,VLTO,2023-09-28,2023-10-02,Industrials,sp500-20231002,4,0.0,0.0,0.0,0.0,-0.1010617988836923
US-s-p500-vnt-20201005-20201009-add-01,US,VNT,2020-10-05,2020-10-09,,sp500-20201009,4,0.006166499344892891,0.035459526948643696,-0.0687332439619169,-0.2261434278240707,0.04884843518088101
US-s-p500-vrsk-20150930-20151007-add-01,US,VRSK,2015-09-30,2015-10-07,Industrials,sp500-20151007,7,0.03446671584115601,0.065586044070986,-0.0047066917967392,-0.011633948062359999,-0.1965131307801558
US-s-p500-vrtx-20130911-20130920-add-01,US,VRTX,2013-09-11,2013-09-20,Health Care,sp500-20130920,9,0.054811131171528596,-0.013109323402176902,-0.08350426467323878,-0.006043797960235401,-0.0025489252073174025
US-s-p500-vst-20240503-20240508-add-01,US,VST,2024-05-03,2024-05-08,Utilities,sp500-20240508,5,0.1513492223193763,0.0489088917038368,0.1113228998393393,0.1113228998393393,-0.08943072586860258
US-s-p500-wab-20190221-20190227-add-01,US,WAB,2019-02-21,2019-02-27,Industrials,sp500-20190227,6,-0.007504914792740609,-0.020791238035483203,0.005498227913601803,-0.057337288304342794,-0.0211301410300224
US-s-p500-wbd-20220407-20220411-add-01,US,WBD,2022-04-07,2022-04-11,Communication Services,sp500-20220411,4,-0.0979564431147611,0.011055450039784594,0.030585873029081903,0.092187945386385,-0.24240704971411023
US-s-p500-wcg-20180911-20180914-add-01,US,WCG,2018-09-11,2018-09-14,,sp500-20180914,3,0.0,0.0,0.0,0.0,0.0
US-s-p500-wday-20241206-20241223-add-01,US,WDAY,2024-12-06,2024-12-23,Information Technology,sp500-20241223,17,0.024497461057720913,0.0473656468792261,-0.051090978632992494,-0.020190357068027,-0.0500523731089868
US-s-p500-wltw-20151228-20160105-add-01,US,WLTW,2015-12-28,2016-01-05,,sp500-20160105,8,0.0,0.0,0.0,0.0,0.0
US-s-p500-wpx-20111211-20111231-add-01,US,WPX,2011-12-11,2011-12-31,,sp500-20111231,20,0.0,0.0,0.0,0.0,0.0
US-s-p500-wrb-20191127-20191205-add-01,US,WRB,2019-11-27,2019-12-05,Financials,sp500-20191205,8,-0.025720625996126102,-0.004436932101009899,0.0328784860491407,0.013270272096175,-0.04786381628869189
US-s-p500-wsm-20250307-20250324-add-01,US,WSM,2025-03-07,2025-03-24,Consumer Discretionary,sp500-20250324,17,-0.07835639211935981,0.027457801527989104,-0.1519581081395385,0.005833361535916699,-0.062301527835845395
US-s-p500-wst-20200518-20200522-add-01,US,WST,2020-05-18,2020-05-22,Health Care,sp500-20200522,4,0.24349273738222132,-0.0183050068607149,-0.011446359927826302,-0.0264172258992928,0.016618805080777205
US-s-p500-xec-20140612-20140620-add-01,US,XEC,2014-06-12,2014-06-20,,sp500-20140620,8,0.0,0.0,0.0,0.0,0.0
US-s-p500-xyl-20111024-20111031-add-01,US,XYL,2011-10-24,2011-10-31,Industrials,sp500-20111031,7,0.0244080151730736,0.0285114936983576,0.0678484488230018,0.1170448359208929,-0.13552589667687728
US-s-p500-xyz-20250718-20250723-add-01,US,XYZ,2025-07-18,2025-07-23,Financials,sp500-20250723,5,0.0654851468395014,0.1197264930679441,0.012395862094177099,0.012395862094177099,-0.0736966083018615
US-s-p500-zbra-20191213-20191223-add-01,US,ZBRA,2019-12-13,2019-12-23,Information Technology,sp500-20191223,10,0.0408619918067046,-0.0210847599111022,-0.0126807033360076,-0.0006994313612311998,-0.0300230911001884
US-s-p500-zts-20130614-20130621-add-01,US,ZTS,2013-06-14,2013-06-21,Health Care,sp500-20130621,7,-0.03466941129433419,-0.0345597051301242,0.0221409791893257,0.0147478694693724,-0.07633673376244
